,mean_fit_time,mean_score_time,mean_test_score,mean_train_score,param_criterion,param_min_samples_leaf,param_min_samples_split,params,rank_test_score,split0_test_score,split0_train_score,split1_test_score,split1_train_score,split2_test_score,split2_train_score,split3_test_score,split3_train_score,split4_test_score,split4_train_score,std_fit_time,std_score_time,std_test_score,std_train_score
0,4.775709581375122,0.005176973342895508,0.240125,1.0,gini,1,2,"{'criterion': 'gini', 'min_samples_leaf': 1, 'min_samples_split': 2}",162,0.25372208436724564,1.0,0.24891101431238333,1.0,0.23845193508114856,1.0,0.23540489642184556,1.0,0.2238335435056747,1.0,0.06947644439827093,0.0003474929778426491,0.010505930080567263,0.0
1,4.711445617675781,0.004892921447753907,0.24525,0.8850301882118409,gini,1,4,"{'criterion': 'gini', 'min_samples_leaf': 1, 'min_samples_split': 4}",159,0.25,0.8854101440200376,0.25140012445550713,0.8831534490849366,0.25031210986267166,0.8851203501094091,0.2335216572504708,0.8841891680973935,0.2408575031525851,0.8872778297474276,0.06457634923628207,5.864061869006662e-05,0.006963557248444252,0.0013735976586911284
2,4.643962001800537,0.004889249801635742,0.2485,0.8269360794333821,gini,1,6,"{'criterion': 'gini', 'min_samples_leaf': 1, 'min_samples_split': 6}",151,0.25496277915632753,0.8278021289918598,0.24704418170504044,0.8251212263413108,0.24531835205992508,0.8249452954048141,0.2448210922787194,0.8272202278757609,0.25031525851197983,0.8295915185531649,0.0745047822643295,6.943066689276862e-05,0.0037705826416283943,0.001740060452290145
3,4.591122102737427,0.004928064346313476,0.24825,0.7858104741766494,gini,1,8,"{'criterion': 'gini', 'min_samples_leaf': 1, 'min_samples_split': 8}",152,0.25496277915632753,0.787413901064496,0.2520224019912881,0.782574691068356,0.24968789013732834,0.7829009065332916,0.24419334588826114,0.786951771499922,0.24022698612862547,0.7892111007171811,0.01892481947391094,7.170993568633776e-05,0.005328277866646173,0.0026219715646108575
4,4.515939331054687,0.004933977127075195,0.245375,0.7510313513838109,gini,1,10,"{'criterion': 'gini', 'min_samples_leaf': 1, 'min_samples_split': 10}",158,0.26054590570719605,0.7550093926111459,0.25015556938394523,0.7487877365868919,0.24406991260923847,0.7480462644576431,0.24356559949780288,0.7502731387544873,0.22824716267339218,0.7530402245088867,0.029362563503593536,4.5370147273021395e-05,0.01049378156633754,0.002622205977570265
5,4.4146661281585695,0.00486912727355957,0.252375,0.7206253311851575,gini,1,12,"{'criterion': 'gini', 'min_samples_leaf': 1, 'min_samples_split': 12}",135,0.25992555831265507,0.7230745147150908,0.2582451773490977,0.7184420459877991,0.25280898876404495,0.7203813691778682,0.24733207784055242,0.7201498361167473,0.24337957124842372,0.721078889928282,0.039806694339454274,3.814655542145481e-05,0.006289138985042296,0.0015004374542677956
6,4.3714910507202145,0.004825401306152344,0.254375,0.693154911931196,gini,1,14,"{'criterion': 'gini', 'min_samples_leaf': 1, 'min_samples_split': 14}",126,0.26240694789081886,0.6955228553537883,0.2551337896701929,0.6885656186453935,0.2565543071161049,0.6922475773679275,0.25486503452605147,0.6940845949742469,0.24274905422446405,0.6953539133146243,0.04872174901941023,6.375339553651355e-05,0.0063960714633098485,0.0025765070374547012
7,4.29074649810791,0.004914522171020508,0.25225,0.6644048904602144,gini,1,16,"{'criterion': 'gini', 'min_samples_leaf': 1, 'min_samples_split': 16}",136,0.2655086848635236,0.6682842830306825,0.25326695706285,0.6577506647896136,0.25218476903870163,0.6645826820881525,0.2448210922787194,0.6633369751833932,0.24527112232030265,0.6680698472092298,0.039266448694651734,4.5416580359141624e-05,0.007501732375773302,0.003845318370815923
8,4.246856164932251,0.004952907562255859,0.253375,0.6427483683890985,gini,1,18,"{'criterion': 'gini', 'min_samples_leaf': 1, 'min_samples_split': 18}",131,0.2673697270471464,0.646211646837821,0.25140012445550713,0.6360081338964493,0.2546816479400749,0.6422319474835886,0.24544883866917766,0.6438270641485875,0.24779319041614123,0.6454630495790459,0.04145960587699282,0.00016893446169444635,0.0076991050623393875,0.0036393633422763657
9,4.535653114318848,0.004971218109130859,0.240625,0.8476879785732019,gini,2,2,"{'criterion': 'gini', 'min_samples_leaf': 2, 'min_samples_split': 2}",161,0.24317617866004962,0.8500313087038197,0.24393279402613569,0.8467073361489129,0.2390761548064919,0.846201938105658,0.23477715003138733,0.8475105353519587,0.2421185372005044,0.8479887745556596,0.04601487655062441,8.512730609132308e-05,0.003352834260062221,0.0013253781540664162
10,4.543724775314331,0.004874229431152344,0.242625,0.8476564455002903,gini,2,4,"{'criterion': 'gini', 'min_samples_leaf': 2, 'min_samples_split': 4}",160,0.25620347394540943,0.8501878522229178,0.24206596141879277,0.8452995463788519,0.25031210986267166,0.8472960300093779,0.2310106716886378,0.8470422974871235,0.23329129886506936,0.8484565014031805,0.040809495973627714,9.399172834762627e-05,0.00965293056401909,0.001619268972093086
11,4.511757230758667,0.00489349365234375,0.248125,0.8079358775344255,gini,2,6,"{'criterion': 'gini', 'min_samples_leaf': 2, 'min_samples_split': 6}",153,0.26116625310173697,0.8094865372573575,0.23957685127566894,0.8047864852182074,0.24656679151061173,0.8057205376680212,0.24356559949780288,0.8092711097237397,0.24968474148802017,0.810414717804802,0.056208139871429495,6.367899151344312e-05,0.007352280072016406,0.0022431425432583914
12,4.43675045967102,0.004993009567260742,0.250625,0.7729669932418247,gini,2,8,"{'criterion': 'gini', 'min_samples_leaf': 2, 'min_samples_split': 8}",146,0.25496277915632753,0.7736380713838447,0.2551337896701929,0.7711559518223057,0.25031210986267166,0.7700844013754298,0.2460765850596359,0.7744654284376463,0.24653215636822196,0.775491113189897,0.03969507464937339,4.250339305371496e-05,0.003916017369616457,0.0020325374443020917
13,4.375248908996582,0.00489044189453125,0.250375,0.7415005835044636,gini,2,10,"{'criterion': 'gini', 'min_samples_leaf': 2, 'min_samples_split': 10}",149,0.25620347394540943,0.7456167814652473,0.25326695706285,0.7404974190520883,0.25593008739076156,0.737417943107221,0.24356559949780288,0.7412205400343375,0.24274905422446405,0.7427502338634238,0.03343172534596858,7.436412691988981e-05,0.005955413249855925,0.0026928582416784076
14,4.356042337417603,0.005010747909545898,0.250875,0.7116560982222018,gini,2,12,"{'criterion': 'gini', 'min_samples_leaf': 2, 'min_samples_split': 12}",145,0.25930521091811415,0.7136819035691923,0.2657125077784692,0.7101517284529955,0.2534332084893883,0.7095967489840576,0.2448210922787194,0.7126580302793819,0.23076923076923078,0.7121920798253821,0.025771891113344915,0.00014268331921480523,0.012136417727797203,0.00154266516893299
15,4.29984974861145,0.004903364181518555,0.252625,0.6853739631887196,gini,2,14,"{'criterion': 'gini', 'min_samples_leaf': 2, 'min_samples_split': 14}",133,0.26364764267990076,0.6878522229179712,0.2557560672059739,0.6821523541373378,0.25842696629213485,0.6836511409815568,0.24293785310734464,0.685031996254097,0.2421185372005044,0.6881821016526348,0.025489065656678925,0.00010317277449821561,0.0085884969806492,0.0023448341322986717
16,4.228599262237549,0.004933881759643555,0.255125,0.6590607278016611,gini,2,16,"{'criterion': 'gini', 'min_samples_leaf': 2, 'min_samples_split': 16}",119,0.2667493796526055,0.6621790857858485,0.25326695706285,0.6530580322227436,0.2596754057428215,0.6575492341356673,0.2523540489642185,0.660839706570938,0.24337957124842372,0.6616775802931089,0.046384972971952015,0.00010168180928483106,0.0078068139285611725,0.003407456713050792
17,4.170059442520142,0.004829502105712891,0.2545,0.6372797731726386,gini,2,18,"{'criterion': 'gini', 'min_samples_leaf': 2, 'min_samples_split': 18}",123,0.2692307692307692,0.6410457107075767,0.2594897324206596,0.6314719224151416,0.2534332084893883,0.635354798374492,0.24670433145009416,0.6383642890588419,0.24337957124842372,0.6401621453071407,0.040644178028050384,6.309703439910105e-05,0.009250484271371259,0.0034958028474470467
18,4.334476184844971,0.004932880401611328,0.246625,0.7622493798124367,gini,3,2,"{'criterion': 'gini', 'min_samples_leaf': 3, 'min_samples_split': 2}",155,0.25372208436724564,0.7647150907952411,0.253889234598631,0.7569216330361331,0.24094881398252185,0.7622694592060018,0.24795982423101068,0.7661932261588887,0.2364438839848676,0.7611474898659183,0.0311017290966943,0.0001028237168484853,0.006935817230803739,0.0032010343641967623
19,4.325181198120117,0.00491786003112793,0.246625,0.7619370401200419,gini,3,4,"{'criterion': 'gini', 'min_samples_leaf': 3, 'min_samples_split': 4}",155,0.2506203473945409,0.7645585472761428,0.25015556938394523,0.7566087908650085,0.24531835205992508,0.7619568615192247,0.2517263025737602,0.7660371468706103,0.2351828499369483,0.7605238540692235,0.03470653777947898,6.873008461757057e-05,0.006099149098958853,0.0032884921456923593
20,4.331730222702026,0.004868364334106446,0.246,0.7618113079021022,gini,3,6,"{'criterion': 'gini', 'min_samples_leaf': 3, 'min_samples_split': 6}",157,0.25496277915632753,0.7639323731997495,0.2520224019912881,0.7566087908650085,0.24781523096129837,0.7605501719287278,0.23728813559322035,0.7669736226002808,0.23770491803278687,0.7609915809167446,0.05912724252873004,9.067815540401189e-05,0.007272302626710695,0.0034778444713651794
21,4.303597736358642,0.004922342300415039,0.250625,0.7365298179914137,gini,3,8,"{'criterion': 'gini', 'min_samples_leaf': 3, 'min_samples_split': 8}",146,0.25992555831265507,0.7379461490294301,0.26011200995644057,0.7317378382605976,0.24719101123595505,0.736011253516724,0.2460765850596359,0.7402840643046666,0.23959646910466584,0.7366697848456502,0.05108025391168805,6.879958808636898e-05,0.008130376278063116,0.0028054207728991252
22,4.273341131210327,0.004887199401855469,0.25125,0.7106246945236198,gini,3,10,"{'criterion': 'gini', 'min_samples_leaf': 3, 'min_samples_split': 10}",140,0.25930521091811415,0.7135253600500939,0.26011200995644057,0.7071797278273111,0.2546816479400749,0.7086589559237262,0.24544883866917766,0.7132823474324957,0.2364438839848676,0.7104770813844715,0.03614954559190024,4.3053035254599115e-05,0.0090205536075138,0.002499227596725407
23,4.227095413208008,0.004833507537841797,0.25125,0.6907501709827387,gini,3,12,"{'criterion': 'gini', 'min_samples_leaf': 3, 'min_samples_split': 12}",140,0.26054590570719605,0.691296180338134,0.2520224019912881,0.6885656186453935,0.25031210986267166,0.6920912785245389,0.25109855618330196,0.6929920399562978,0.2421185372005044,0.6888057374493296,0.03860333347121662,7.172451961465323e-05,0.005851816136250229,0.001770636203736143
24,4.206272220611572,0.004853296279907227,0.255125,0.669779669675407,gini,3,14,"{'criterion': 'gini', 'min_samples_leaf': 3, 'min_samples_split': 14}",119,0.2630272952853598,0.6701628052598623,0.25886745488487867,0.6665102455811044,0.25842696629213485,0.6698968427633636,0.2517263025737602,0.6706727017324801,0.24337957124842372,0.6716557530402245,0.037607595712962856,4.215612653984916e-05,0.006872365968275482,0.0017416573350535263
25,4.152605199813843,0.004819822311401367,0.257625,0.6476555348430839,gini,3,16,"{'criterion': 'gini', 'min_samples_leaf': 3, 'min_samples_split': 16}",104,0.26364764267990076,0.6494990607388854,0.25886745488487867,0.6436727670890036,0.25780274656679153,0.6480150046889653,0.2517263025737602,0.6486655220852193,0.25598991172761665,0.6484253196133458,0.05582664840361315,5.1714171444032324e-05,0.003883783539321383,0.0020495310733596827
26,4.10546088218689,0.004854345321655273,0.256625,0.6289980387593703,gini,3,18,"{'criterion': 'gini', 'min_samples_leaf': 3, 'min_samples_split': 18}",110,0.2679900744416873,0.6300876643706951,0.2570006222775358,0.6234944470514625,0.2546816479400749,0.6295717411691153,0.25109855618330196,0.6311846417980334,0.25220680958385877,0.630651699407546,0.03371477032995873,6.916762544756056e-05,0.0060632378504192706,0.0028043454317601005
27,4.155602264404297,0.0049228668212890625,0.253625,0.7120305252595021,gini,4,2,"{'criterion': 'gini', 'min_samples_leaf': 4, 'min_samples_split': 2}",130,0.2692307692307692,0.7119599248591109,0.268201617921593,0.7087439386829345,0.2602996254681648,0.7145983119724915,0.24356559949780288,0.7129701888559387,0.22635561160151324,0.7118802619270346,0.05592256859662565,3.1348915451746295e-05,0.0163782903590238,0.001913411147075649
28,4.157855749130249,0.005062770843505859,0.253875,0.7124986027432509,gini,4,4,"{'criterion': 'gini', 'min_samples_leaf': 4, 'min_samples_split': 4}",128,0.2729528535980149,0.7124295554164056,0.2563783447417548,0.7078054121695605,0.250936329588015,0.7152235073460457,0.24921531701192717,0.7142188231621663,0.23959646910466584,0.7128157156220767,0.0505988482770577,0.0002684925356926475,0.01100313719252188,0.0025501227129777044
29,4.16650276184082,0.004948902130126953,0.250625,0.7122171422248492,gini,4,6,"{'criterion': 'gini', 'min_samples_leaf': 4, 'min_samples_split': 6}",146,0.2655086848635236,0.7114902943018158,0.26260112009956443,0.7082746754262474,0.250936329588015,0.71475461081588,0.24042686754551162,0.7135945060090526,0.23329129886506936,0.7129716245712504,0.03415237052380139,8.132071543202077e-05,0.012399295080733935,0.002235015606962473
30,4.160792255401612,0.004957389831542969,0.249875,0.7123425182972593,gini,4,8,"{'criterion': 'gini', 'min_samples_leaf': 4, 'min_samples_split': 8}",150,0.2673697270471464,0.7121164683782092,0.26260112009956443,0.7085875175973722,0.24032459425717853,0.7142857142857143,0.24419334588826114,0.7143749024504448,0.23455233291298866,0.7123479887745556,0.04895104657680464,3.5980641890023974e-05,0.012862485289181939,0.0021003692410547447
31,4.115856647491455,0.0048868656158447266,0.252875,0.6907479138392499,gini,4,10,"{'criterion': 'gini', 'min_samples_leaf': 4, 'min_samples_split': 10}",132,0.2679900744416873,0.6911396368190357,0.26260112009956443,0.6876270921320194,0.25593008739076156,0.6891216005001563,0.24293785310734464,0.6928359606680193,0.23455233291298866,0.693015279077019,0.042132795302606905,7.364209221022418e-05,0.012374432649678815,0.0020994644449813743
32,4.091102409362793,0.004836654663085938,0.256375,0.6720933245015968,gini,4,12,"{'criterion': 'gini', 'min_samples_leaf': 4, 'min_samples_split': 12}",112,0.27481389578163773,0.6714151534126487,0.26509023024268824,0.6699515094634757,0.25530586766541824,0.6753673022819631,0.24795982423101068,0.6716091774621508,0.23833543505674654,0.6721234798877456,0.042213692344292376,4.395357565877311e-05,0.012751930307340524,0.0017889396799700612
33,4.050839185714722,0.004881525039672851,0.257,0.6517158469397337,gini,4,14,"{'criterion': 'gini', 'min_samples_leaf': 4, 'min_samples_split': 14}",106,0.2679900744416873,0.6505948653725736,0.26197884256378345,0.648052557484749,0.2634207240948814,0.6522350734604564,0.24795982423101068,0.652411425003902,0.24337957124842372,0.6552853133769878,0.04752438625738323,5.938500945983805e-05,0.009519686965326637,0.0023736387667365215
34,4.020685434341431,0.004810190200805664,0.25975,0.6316870197001763,gini,4,16,"{'criterion': 'gini', 'min_samples_leaf': 4, 'min_samples_split': 16}",91,0.27543424317617865,0.6338447088290545,0.26633478531425014,0.6267792898482716,0.25842696629213485,0.6350422006877149,0.24733207784055242,0.6285312938972998,0.2509457755359395,0.6342376052385407,0.045525621242561855,6.283378603969141e-05,0.010232384021745443,0.0033604394375364214
35,3.9975722789764405,0.004843902587890625,0.257,0.6144369820151048,gini,4,18,"{'criterion': 'gini', 'min_samples_leaf': 4, 'min_samples_split': 18}",106,0.2729528535980149,0.6161552911709455,0.2594897324206596,0.6111371812920382,0.2602996254681648,0.6151922475773679,0.24293785310734464,0.6138598407991259,0.24905422446406053,0.6158403492360461,0.0800260336699536,6.679625731133455e-05,0.010324640663314946,0.0018283450864938775
36,4.004529333114624,0.004964971542358398,0.255,0.6724964001303717,gini,5,2,"{'criterion': 'gini', 'min_samples_leaf': 5, 'min_samples_split': 2}",122,0.2655086848635236,0.6718847839699437,0.2657125077784692,0.6669795088377913,0.25842696629213485,0.6725539231009691,0.24293785310734464,0.6747307632277196,0.2421185372005044,0.676333021515435,0.04048480759196847,9.682690135585555e-05,0.010465356094481003,0.003178852461411414
37,3.9926449775695803,0.004945611953735352,0.25375,0.6721828256858048,gini,5,4,"{'criterion': 'gini', 'min_samples_leaf': 5, 'min_samples_split': 4}",129,0.2667493796526055,0.6709455228553538,0.26197884256378345,0.6657281401532926,0.2590511860174782,0.6719287277274149,0.24419334588826114,0.6753550803808335,0.2364438839848676,0.6769566573121297,0.04284572523876234,5.757827936460168e-05,0.011438619956563513,0.003901566804168642
38,4.010851573944092,0.004874372482299804,0.251125,0.6721524451049928,gini,5,6,"{'criterion': 'gini', 'min_samples_leaf': 5, 'min_samples_split': 6}",144,0.25682382133995035,0.6718847839699437,0.26197884256378345,0.6665102455811044,0.2540574282147316,0.6714598311972492,0.24168236032642812,0.6742625253628843,0.2408575031525851,0.6766448394137824,0.040369568191531285,7.682904703970669e-05,0.008401472842978071,0.0033769754898776237
39,3.9977096557617187,0.0049169063568115234,0.255125,0.6723393983958743,gini,5,8,"{'criterion': 'gini', 'min_samples_leaf': 5, 'min_samples_split': 8}",119,0.2698511166253102,0.6712586098935505,0.2700684505289359,0.6665102455811044,0.2546816479400749,0.6719287277274149,0.24231010671688638,0.6748868425159982,0.23833543505674654,0.6771125662613035,0.047423637452274264,6.172803893244322e-05,0.013310833300769539,0.003594116852283673
40,4.000496864318848,0.004882192611694336,0.25225,0.6726209809514109,gini,5,10,"{'criterion': 'gini', 'min_samples_leaf': 5, 'min_samples_split': 10}",136,0.25992555831265507,0.6718847839699437,0.26322339763534536,0.666823087752229,0.25280898876404495,0.6723976242575805,0.24544883866917766,0.6748868425159982,0.23959646910466584,0.6771125662613035,0.0472886830949438,9.095393497905558e-05,0.008779242290861775,0.003450098751723976
41,3.983009147644043,0.004831933975219726,0.2545,0.6544641583205094,gini,5,12,"{'criterion': 'gini', 'min_samples_leaf': 5, 'min_samples_split': 12}",123,0.27357320099255583,0.6509079524107702,0.26073428749222155,0.6500860315970592,0.25593008739076156,0.6566114410753361,0.24168236032642812,0.6549086936163571,0.24022698612862547,0.6598066729030246,0.043548475746518246,5.314298251289462e-05,0.012434701282355513,0.0036101382522521538
42,3.9506058216094972,0.004892110824584961,0.252625,0.6360262202254165,gini,5,14,"{'criterion': 'gini', 'min_samples_leaf': 5, 'min_samples_split': 14}",133,0.27233250620347393,0.6335316217908579,0.26011200995644057,0.6313155013295793,0.25842696629213485,0.6361362925914348,0.23979912115505336,0.6361791790229436,0.23203026481715006,0.6429685063922669,0.04306943184392909,4.299500806746082e-05,0.014598078486579354,0.003915220131927308
43,3.918810558319092,0.004824256896972657,0.256375,0.6180287930869668,gini,5,16,"{'criterion': 'gini', 'min_samples_leaf': 5, 'min_samples_split': 16}",112,0.2729528535980149,0.6185034439574202,0.26011200995644057,0.6130142343187862,0.2571785268414482,0.6197249140356361,0.24231010671688638,0.6162010301233026,0.24905422446406053,0.6227003429996881,0.03805284131266468,0.00012795066635889053,0.01040807174514939,0.0032683945722407196
44,3.899759292602539,0.004870748519897461,0.256875,0.6034027296265443,gini,5,18,"{'criterion': 'gini', 'min_samples_leaf': 5, 'min_samples_split': 18}",108,0.2729528535980149,0.6006574827802129,0.2582451773490977,0.6005005474737994,0.2590511860174782,0.6045639262269459,0.2460765850596359,0.6035586077727485,0.24779319041614123,0.6077330838790147,0.04332090833812886,2.6318905890838032e-05,0.009642785886196943,0.002686398518021477
45,3.862728452682495,0.004909086227416992,0.258625,0.6394337589270994,gini,6,2,"{'criterion': 'gini', 'min_samples_leaf': 6, 'min_samples_split': 2}",99,0.2661290322580645,0.6376017532874139,0.2669570628500311,0.6330361332707649,0.2596754057428215,0.6427008440137543,0.24984306340238543,0.640861557671297,0.25031525851197983,0.6429685063922669,0.04954855946078226,8.466879883341943e-05,0.007386435657610437,0.003728075979974439
46,3.8678585052490235,0.004883670806884765,0.2595,0.6387777034320619,gini,6,4,"{'criterion': 'gini', 'min_samples_leaf': 6, 'min_samples_split': 4}",94,0.2692307692307692,0.6377582968065122,0.26633478531425014,0.6320976067573909,0.264669163545568,0.6416067521100344,0.2517263025737602,0.6399250819416263,0.24527112232030265,0.6425007795447458,0.0459256143963939,3.605361937717759e-05,0.009272817928287299,0.003710637979069121
47,3.881853485107422,0.004862451553344726,0.25875,0.6390904724629212,gini,6,6,"{'criterion': 'gini', 'min_samples_leaf': 6, 'min_samples_split': 6}",96,0.2704714640198511,0.6380713838447089,0.26322339763534536,0.6331925543563273,0.26217228464419473,0.6412941544232573,0.2517263025737602,0.6405493990947402,0.2459016393442623,0.6423448705955722,0.05772256487158545,9.908334232338608e-05,0.008752155015395554,0.0032680198257967314
48,3.8753127098083495,0.004866361618041992,0.258,0.6394652336368448,gini,6,8,"{'criterion': 'gini', 'min_samples_leaf': 6, 'min_samples_split': 8}",103,0.2655086848635236,0.6380713838447089,0.26322339763534536,0.6330361332707649,0.26092384519350814,0.6423882463269772,0.24984306340238543,0.6411737162478539,0.25031525851197983,0.6426566884939195,0.046125814370657624,4.584287738991419e-05,0.00659619658999567,0.0036034552552711863
49,3.867299699783325,0.004871940612792969,0.258375,0.6394966449534848,gini,6,10,"{'criterion': 'gini', 'min_samples_leaf': 6, 'min_samples_split': 10}",101,0.271712158808933,0.6380713838447089,0.2657125077784692,0.6336618176130142,0.2615480649188514,0.6422319474835886,0.2460765850596359,0.6407054783830186,0.24653215636822196,0.6428125974430933,0.0442445323393957,3.4397315301589006e-05,0.010324576650339043,0.003347096605303874
50,3.87449312210083,0.0048655509948730465,0.25825,0.6392775039947328,gini,6,12,"{'criterion': 'gini', 'min_samples_leaf': 6, 'min_samples_split': 12}",102,0.27109181141439204,0.6376017532874139,0.26446795270690726,0.6330361332707649,0.2671660424469413,0.6420756486402001,0.24293785310734464,0.6407054783830186,0.24527112232030265,0.6429685063922669,0.053032919091216324,5.300289003433526e-05,0.011704611222483594,0.003612618771922745
51,3.863696575164795,0.004906845092773437,0.25725,0.6236844484969352,gini,6,14,"{'criterion': 'gini', 'min_samples_leaf': 6, 'min_samples_split': 14}",105,0.2686104218362283,0.6222604884157796,0.26322339763534536,0.6198967620835288,0.26279650436953805,0.62472647702407,0.2448210922787194,0.6240049945372249,0.24653215636822196,0.6275335204240723,0.04837506311472206,5.170031986349288e-05,0.009636761146054284,0.0025447262561859463
52,3.8336869716644286,0.004879570007324219,0.25925,0.6063735651673161,gini,6,16,"{'criterion': 'gini', 'min_samples_leaf': 6, 'min_samples_split': 16}",95,0.2704714640198511,0.6069192235441453,0.26384567517112634,0.6012826529016111,0.264669163545568,0.6090965926852141,0.2448210922787194,0.6068362728265959,0.25220680958385877,0.6077330838790147,0.053555581801823286,7.404846588869453e-05,0.009315979221058613,0.0026717933726227456
53,3.8171616554260255,0.004898166656494141,0.26075,0.5926849268379943,gini,6,18,"{'criterion': 'gini', 'min_samples_leaf': 6, 'min_samples_split': 18}",89,0.27667493796526055,0.591577958672511,0.26073428749222155,0.5881432817143751,0.26092384519350814,0.5940919037199125,0.2523540489642185,0.5954424847822694,0.25283732660781844,0.5941690053009042,0.04802348546994273,2.123858610559588e-05,0.008806614956840807,0.002593766280706383
54,3.7566083908081054,0.004862737655639648,0.2625,0.6118066608365045,gini,7,2,"{'criterion': 'gini', 'min_samples_leaf': 7, 'min_samples_split': 2}",79,0.27357320099255583,0.6106762680025047,0.2756689483509645,0.6023776005005474,0.26279650436953805,0.612691466083151,0.2517263025737602,0.6155767129701889,0.2484237074401009,0.6177112566261304,0.0456237206614159,6.62469779802412e-05,0.011043336000998098,0.005292360373828207
55,3.771337795257568,0.0048579216003417965,0.263,0.6118688831402666,gini,7,4,"{'criterion': 'gini', 'min_samples_leaf': 7, 'min_samples_split': 4}",74,0.2704714640198511,0.6109893550407013,0.2750466708151836,0.6019083372438605,0.2602996254681648,0.6123788683963739,0.25486503452605147,0.6158888715467458,0.2540983606557377,0.6181789834736514,0.043067868199155285,9.393433020259922e-05,0.008411108689035432,0.005589701283599941
56,3.787307929992676,0.0048177242279052734,0.26225,0.6116194532700234,gini,7,6,"{'criterion': 'gini', 'min_samples_leaf': 7, 'min_samples_split': 6}",82,0.27233250620347393,0.6109893550407013,0.27691350342252646,0.6020647583294229,0.2590511860174782,0.6122225695529853,0.2542372881355932,0.6158888715467458,0.2484237074401009,0.616931711880262,0.04918656583401692,7.94994945398413e-05,0.010789253159497221,0.005263097802643819
57,3.7621179103851317,0.004885578155517578,0.263375,0.6115879737794693,gini,7,8,"{'criterion': 'gini', 'min_samples_leaf': 7, 'min_samples_split': 8}",72,0.27419354838709675,0.610832811521603,0.2744243932794026,0.6017519161582982,0.2615480649188514,0.6122225695529853,0.2542372881355932,0.6160449508350242,0.25220680958385877,0.6170876208294356,0.05719695357362477,7.097390733871835e-05,0.009493718665325756,0.005437495259886021
58,3.763986825942993,0.004848861694335937,0.26075,0.6116505084079605,gini,7,10,"{'criterion': 'gini', 'min_samples_leaf': 7, 'min_samples_split': 10}",89,0.27357320099255583,0.6109893550407013,0.27815805849408837,0.6019083372438605,0.26092384519350814,0.6123788683963739,0.24670433145009416,0.6154206336819104,0.24401008827238335,0.6175553476769566,0.045644310501232556,9.144719816127314e-05,0.013742304650059503,0.005384394161135225
59,3.7786555767059324,0.004852294921875,0.26275,0.6116504642348513,gini,7,12,"{'criterion': 'gini', 'min_samples_leaf': 7, 'min_samples_split': 12}",77,0.27543424317617865,0.610832811521603,0.2725575606720597,0.6020647583294229,0.26092384519350814,0.6120662707095967,0.2517263025737602,0.6160449508350242,0.25283732660781844,0.6172435297786093,0.03920614146776652,9.013824219600591e-05,0.009802411293177455,0.005353897708121821
60,3.8008387088775635,0.004864978790283203,0.262875,0.6114944679495357,gini,7,14,"{'criterion': 'gini', 'min_samples_leaf': 7, 'min_samples_split': 14}",76,0.2692307692307692,0.6109893550407013,0.2756689483509645,0.6020647583294229,0.26279650436953805,0.6119099718662082,0.2517263025737602,0.6154206336819104,0.2547288776796974,0.6170876208294356,0.08557615983367525,0.00011715835606876917,0.008884081409199208,0.005216231255822453
61,3.753719663619995,0.004847145080566407,0.262125,0.5955275575001464,gini,7,16,"{'criterion': 'gini', 'min_samples_leaf': 7, 'min_samples_split': 16}",84,0.27481389578163773,0.5965873512836568,0.2731798382078407,0.5870483341154388,0.2571785268414482,0.5958111909971866,0.2529817953546767,0.5995005462775089,0.25220680958385877,0.598690364826941,0.038225022883335846,7.588119916845214e-05,0.009901516453695677,0.004447220031513118
62,3.7302294731140138,0.004904556274414063,0.26175,0.5824957850134683,gini,7,18,"{'criterion': 'gini', 'min_samples_leaf': 7, 'min_samples_split': 18}",86,0.27357320099255583,0.5820288040075141,0.2731798382078407,0.5740653840137651,0.26279650436953805,0.5837761800562676,0.2504708097928437,0.5873263617917902,0.2484237074401009,0.5852821951980044,0.04141380297232844,0.00015527566370815164,0.010731686664261459,0.004561308967151729
63,3.6870712280273437,0.004820775985717773,0.26425,0.5863096376203615,gini,8,2,"{'criterion': 'gini', 'min_samples_leaf': 8, 'min_samples_split': 2}",65,0.2630272952853598,0.5867251095804634,0.27878033602986935,0.5806350696073831,0.2702871410736579,0.587527352297593,0.25549278091650973,0.5859216481972842,0.25346784363177804,0.5907390084190832,0.053524086169127294,6.234605271187344e-05,0.009398342940793709,0.003274936017197351
64,3.6973883628845217,0.004819011688232422,0.264375,0.5864345502482134,gini,8,4,"{'criterion': 'gini', 'min_samples_leaf': 8, 'min_samples_split': 4}",64,0.26240694789081886,0.58703819661866,0.27878033602986935,0.5804786485218207,0.27091136079900124,0.587527352297593,0.26114249843063403,0.5860777274855626,0.2484237074401009,0.5910508263174307,0.059683700235708806,6.835417003911289e-05,0.010175676663666386,0.003419611026573122
65,3.684102916717529,0.004816865921020508,0.26575,0.5863407851185604,gini,8,6,"{'criterion': 'gini', 'min_samples_leaf': 8, 'min_samples_split': 6}",54,0.2673697270471464,0.5867251095804634,0.2762912258867455,0.5804786485218207,0.2696629213483146,0.587527352297593,0.25925925925925924,0.5862338067738411,0.25598991172761665,0.5907390084190832,0.04420327927988808,0.0001122439221038709,0.007293120979675286,0.003324939247827234
66,3.691927766799927,0.004808473587036133,0.266375,0.5863096865555033,gini,8,8,"{'criterion': 'gini', 'min_samples_leaf': 8, 'min_samples_split': 8}",51,0.2698511166253102,0.5868816530995616,0.28002489110143125,0.5806350696073831,0.27153558052434457,0.5873710534542045,0.2573760200878845,0.5859216481972842,0.25283732660781844,0.5907390084190832,0.03774191411801668,6.452919416959e-05,0.009881962491780765,0.0032687731297142727
67,3.679447603225708,0.0049321651458740234,0.264625,0.5864033439716715,gini,8,10,"{'criterion': 'gini', 'min_samples_leaf': 8, 'min_samples_split': 10}",61,0.2648883374689826,0.5868816530995616,0.2806471686372122,0.5806350696073831,0.2727840199750312,0.587527352297593,0.2580037664783427,0.5860777274855626,0.24653215636822196,0.5908949173682569,0.03743411308424682,0.00018468433153863296,0.011770227516389451,0.0033179940070232417
68,3.6867074966430664,0.004831790924072266,0.26425,0.5863408534780171,gini,8,12,"{'criterion': 'gini', 'min_samples_leaf': 8, 'min_samples_split': 12}",65,0.26364764267990076,0.5867251095804634,0.2806471686372122,0.5806350696073831,0.2690387016229713,0.587527352297593,0.25674827369742625,0.5860777274855626,0.2509457755359395,0.5907390084190832,0.06439381853585874,0.00012340753854236396,0.010245512428573179,0.003271831412314484
69,3.668849563598633,0.004812192916870117,0.263875,0.5863096865937758,gini,8,14,"{'criterion': 'gini', 'min_samples_leaf': 8, 'min_samples_split': 14}",69,0.2630272952853598,0.58703819661866,0.2756689483509645,0.5803222274362584,0.2727840199750312,0.587527352297593,0.25674827369742625,0.5859216481972842,0.2509457755359395,0.5907390084190832,0.060662878441479,6.0189127991826646e-05,0.009339912038596247,0.003395071999673791
70,3.67189359664917,0.004833984375,0.263375,0.5862782166843353,gini,8,16,"{'criterion': 'gini', 'min_samples_leaf': 8, 'min_samples_split': 16}",72,0.2673697270471464,0.5867251095804634,0.2762912258867455,0.580165806350696,0.27091136079900124,0.587527352297593,0.2523540489642185,0.5862338067738411,0.24968474148802017,0.5907390084190832,0.044913259872587485,6.625572954288045e-05,0.010461522061066486,0.00343576041855785
71,3.6711566925048826,0.0048334598541259766,0.26225,0.574215083255761,gini,8,18,"{'criterion': 'gini', 'min_samples_leaf': 8, 'min_samples_split': 18}",82,0.2661290322580645,0.5727927363807138,0.2756689483509645,0.5687470671046457,0.26779026217228463,0.5748671459831197,0.25549278091650973,0.5776494459185266,0.2459016393442623,0.5770190208917992,0.039981147346968546,8.395868879072984e-05,0.010364739549180858,0.0032250386115026505
72,3.6114923000335692,0.004884004592895508,0.2645,0.5658405382863798,gini,9,2,"{'criterion': 'gini', 'min_samples_leaf': 9, 'min_samples_split': 2}",62,0.27853598014888337,0.5646524733876017,0.2700684505289359,0.5603003284842797,0.26779026217228463,0.5672085026570803,0.2573760200878845,0.5690650850632121,0.2484237074401009,0.5679763018397256,0.053164662299031426,9.049685887543058e-05,0.010461202462846465,0.003128448089589485
73,3.6095693111419678,0.004842901229858398,0.263,0.566027921254358,gini,9,4,"{'criterion': 'gini', 'min_samples_leaf': 9, 'min_samples_split': 4}",74,0.27481389578163773,0.5646524733876017,0.2719352831362788,0.5603003284842797,0.2690387016229713,0.5675211003438575,0.25486503452605147,0.5696894022163259,0.24401008827238335,0.5679763018397256,0.05305081362760033,7.266747978485075e-05,0.011667600119075569,0.003290270180627334
74,3.6134886741638184,0.0048653602600097655,0.264,0.5657779842140774,gini,9,6,"{'criterion': 'gini', 'min_samples_leaf': 9, 'min_samples_split': 6}",68,0.27419354838709675,0.5641828428303068,0.26944617299315493,0.560456749569842,0.2696629213483146,0.5675211003438575,0.2573760200878845,0.5687529264866552,0.24905422446406053,0.5679763018397256,0.06518285601838472,5.173790838290195e-05,0.009291866167119814,0.0030848452124388193
75,3.600761890411377,0.004808902740478516,0.265,0.5659968078239801,gini,9,8,"{'criterion': 'gini', 'min_samples_leaf': 9, 'min_samples_split': 8}",58,0.27419354838709675,0.5646524733876017,0.2738021157436217,0.560456749569842,0.27091136079900124,0.5675211003438575,0.25674827369742625,0.5695333229280475,0.24905422446406053,0.567820392890552,0.05423141072466932,8.360330291238524e-05,0.01017639736478537,0.003182934174580144
76,3.6185665130615234,0.004877614974975586,0.26475,0.5659345958688177,gini,9,10,"{'criterion': 'gini', 'min_samples_leaf': 9, 'min_samples_split': 10}",59,0.27791563275434245,0.5649655604257984,0.2713130056004978,0.560456749569842,0.2696629213483146,0.5675211003438575,0.2542372881355932,0.5690650850632121,0.25031525851197983,0.5676644839413783,0.06841725858278455,6.394693863630865e-05,0.010570094975954653,0.0030415555741809984
77,3.6106045246124268,0.00485682487487793,0.262625,0.565997349957098,gini,9,12,"{'criterion': 'gini', 'min_samples_leaf': 9, 'min_samples_split': 12}",78,0.27419354838709675,0.5651221039448967,0.2713130056004978,0.5610824339120913,0.2696629213483146,0.5673648015004689,0.2517263025737602,0.5687529264866552,0.2459016393442623,0.5676644839413783,0.05312487356780248,7.73104365158651e-05,0.011451869540198821,0.0027263498222566463
78,3.6268813610076904,0.004827976226806641,0.26475,0.5660283750600335,gini,9,14,"{'criterion': 'gini', 'min_samples_leaf': 9, 'min_samples_split': 14}",59,0.2729528535980149,0.5644959298685035,0.2731798382078407,0.561395276083216,0.27153558052434457,0.5675211003438575,0.2580037664783427,0.5690650850632121,0.24779319041614123,0.5676644839413783,0.04324196016695452,4.2531896553749044e-05,0.0101547645258327,0.0027546572593343728
79,3.6261574268341064,0.004899168014526367,0.262375,0.5662469448419662,gini,9,16,"{'criterion': 'gini', 'min_samples_leaf': 9, 'min_samples_split': 16}",81,0.27357320099255583,0.5646524733876017,0.2719352831362788,0.561395276083216,0.26841448189762795,0.5675211003438575,0.25109855618330196,0.5698454815046043,0.24653215636822196,0.567820392890552,0.053989445912500336,3.161275724653926e-05,0.011225518905303055,0.0029369952700120097
80,3.6208245277404787,0.004864740371704102,0.26375,0.5661219787602509,gini,9,18,"{'criterion': 'gini', 'min_samples_leaf': 9, 'min_samples_split': 18}",70,0.27109181141439204,0.5646524733876017,0.2700684505289359,0.5610824339120913,0.2702871410736579,0.5675211003438575,0.2573760200878845,0.5696894022163259,0.24968474148802017,0.5676644839413783,0.05746942033213156,3.242997522882408e-05,0.00864571474655239,0.002987300850979999
81,30.518657541275026,0.005025720596313477,0.255875,1.0,entropy,1,2,"{'criterion': 'entropy', 'min_samples_leaf': 1, 'min_samples_split': 2}",115,0.2642679900744417,1.0,0.2551337896701929,1.0,0.2590511860174782,1.0,0.24921531701192717,1.0,0.2515762925598991,1.0,0.3891828905680714,6.693604899003943e-05,0.005368383356275924,0.0
82,30.409649991989134,0.0050028800964355465,0.252125,0.9030593062007046,entropy,1,4,"{'criterion': 'entropy', 'min_samples_leaf': 1, 'min_samples_split': 4}",138,0.2586848635235732,0.8957420162805261,0.2520224019912881,0.9006726106679179,0.2534332084893883,0.9095029696780244,0.24858757062146894,0.9080692992039956,0.24779319041614123,0.901309635173059,0.33769251207227236,5.263699105350235e-05,0.0039022484246032402,0.00507781892054299
83,30.26700415611267,0.00506749153137207,0.255625,0.8280586366003329,entropy,1,6,"{'criterion': 'entropy', 'min_samples_leaf': 1, 'min_samples_split': 6}",117,0.2661290322580645,0.8220100187852223,0.2563783447417548,0.8274675426247459,0.25530586766541824,0.8304157549234136,0.24984306340238543,0.8292492586233807,0.25031525851197983,0.8311506080449018,0.35787116285609716,6.870586423974247e-05,0.005883287886825191,0.0032701389746017688
84,30.165433406829834,0.005128717422485352,0.247625,0.7753127289384262,entropy,1,8,"{'criterion': 'entropy', 'min_samples_leaf': 1, 'min_samples_split': 8}",154,0.25682382133995035,0.7723857232310583,0.2433105164903547,0.775535742218051,0.2546816479400749,0.7804001250390747,0.2448210922787194,0.7749336663024816,0.23833543505674654,0.7733083879014655,0.3422303740711968,0.00010871632054329698,0.007031018615476854,0.0027806390593948546
85,30.02521848678589,0.005076313018798828,0.25575,0.734373563214102,entropy,1,10,"{'criterion': 'entropy', 'min_samples_leaf': 1, 'min_samples_split': 10}",116,0.2661290322580645,0.7330932999373825,0.25886745488487867,0.7315814171750353,0.25780274656679153,0.7388246326977179,0.24670433145009416,0.7307632277196816,0.24905422446406053,0.7376052385406923,0.3531042145405817,0.00011330383370222233,0.007048681845698234,0.0032473195379553645
86,29.87973575592041,0.0050906181335449215,0.25675,0.6933425547750175,entropy,1,12,"{'criterion': 'entropy', 'min_samples_leaf': 1, 'min_samples_split': 12}",109,0.2661290322580645,0.6959924859110833,0.2557560672059739,0.689816987329892,0.25780274656679153,0.6911534854642075,0.2580037664783427,0.6936163571094116,0.2459016393442623,0.6961334580604926,0.3286385675749134,0.00010303320065795319,0.006464520083801603,0.0025340834299898327
87,29.805764770507814,0.004980850219726563,0.265625,0.6614967755418919,entropy,1,14,"{'criterion': 'entropy', 'min_samples_leaf': 1, 'min_samples_split': 14}",56,0.2729528535980149,0.6590482154038823,0.26509023024268824,0.6568121382762396,0.2634207240948814,0.6661456705220381,0.2642812303829253,0.6592789136881536,0.26229508196721313,0.6661989398191456,0.3684309184966971,4.37801435222731e-05,0.003795825406349349,0.00391363661290019
88,29.735921716690065,0.004980850219726563,0.268,0.6306858109030347,entropy,1,16,"{'criterion': 'entropy', 'min_samples_leaf': 1, 'min_samples_split': 16}",44,0.27109181141439204,0.6311834690043833,0.2706907280647169,0.6252150789926482,0.27153558052434457,0.6344170053141607,0.263653483992467,0.6289995317621352,0.26292559899117274,0.633613969441846,0.38505915656517503,6.804658383154273e-05,0.003840636022950071,0.003332147437441009
89,29.49092116355896,0.004947662353515625,0.265875,0.6026869600840811,entropy,1,18,"{'criterion': 'entropy', 'min_samples_leaf': 1, 'min_samples_split': 18}",52,0.2679900744416873,0.6048841577958672,0.2738021157436217,0.5964335992491788,0.26841448189762795,0.6056580181306659,0.2617702448210923,0.6040268456375839,0.2572509457755359,0.6024321796071095,0.3599559929168975,6.583047398035218e-05,0.0057371951857661955,0.0033051351506489276
90,30.156195878982544,0.004990768432617187,0.251625,0.8708426743858222,entropy,2,2,"{'criterion': 'entropy', 'min_samples_leaf': 2, 'min_samples_split': 2}",139,0.2642679900744417,0.8663118346900438,0.2476664592408214,0.8684498670420773,0.24781523096129837,0.8779306033135355,0.2580037664783427,0.8737318557827376,0.24022698612862547,0.8677892111007172,0.43299566338449147,7.379128589787238e-05,0.008492393499477259,0.004339672314707684
91,30.17469596862793,0.0050141334533691405,0.25125,0.870654772965675,entropy,2,4,"{'criterion': 'entropy', 'min_samples_leaf': 2, 'min_samples_split': 4}",140,0.26364764267990076,0.8650594865372574,0.2551337896701929,0.8686062881276396,0.25780274656679153,0.8779306033135355,0.24168236032642812,0.874200093647573,0.23770491803278687,0.8674773932023698,0.4524856670633229,3.4569016777658175e-05,0.009859000075167908,0.0047139424794177785
92,30.050709390640257,0.004997920989990234,0.25125,0.8137789075223285,entropy,2,6,"{'criterion': 'entropy', 'min_samples_leaf': 2, 'min_samples_split': 6}",140,0.26364764267990076,0.8090169067000627,0.2545115121344119,0.8138589081808227,0.2640449438202247,0.8160362613316662,0.24419334588826114,0.815358201966599,0.22950819672131148,0.8146242594324915,0.4197191760698645,5.2163326258432944e-05,0.013019999015832912,0.0024894774130677076
93,30.0339017868042,0.004982566833496094,0.254125,0.7658131563018999,entropy,2,8,"{'criterion': 'entropy', 'min_samples_leaf': 2, 'min_samples_split': 8}",127,0.2686104218362283,0.7629931120851596,0.253889234598631,0.7655247927420616,0.25842696629213485,0.7716473898093155,0.24293785310734464,0.7668175433120025,0.24653215636822196,0.7620829435609604,0.2722896368255027,4.6254580762380916e-05,0.009074564099650082,0.0033763105279222615
94,29.804910230636597,0.004935455322265625,0.25875,0.7274683554590221,entropy,2,10,"{'criterion': 'entropy', 'min_samples_leaf': 2, 'min_samples_split': 10}",96,0.27109181141439204,0.7263619286161553,0.26446795270690726,0.7239167839824808,0.2571785268414482,0.7342919662394499,0.25674827369742625,0.7248322147651006,0.24401008827238335,0.7279388836919239,0.3229914549270143,4.850852012524688e-05,0.009034673837923448,0.0036761430595251593
95,29.69192705154419,0.004969501495361328,0.258625,0.689125083232497,entropy,2,12,"{'criterion': 'entropy', 'min_samples_leaf': 2, 'min_samples_split': 12}",99,0.2655086848635236,0.6928616155291171,0.25762289981331676,0.6846550915063351,0.2640449438202247,0.6889653016567677,0.2573760200878845,0.6894022163258936,0.2484237074401009,0.6897411911443717,0.3493437766640766,4.711469647222794e-05,0.006047652929945896,0.002623906305419979
96,29.587086534500123,0.004926872253417969,0.26525,0.6578727237627531,entropy,2,14,"{'criterion': 'entropy', 'min_samples_leaf': 2, 'min_samples_split': 14}",57,0.27357320099255583,0.6559173450219161,0.268201617921593,0.6530580322227436,0.2615480649188514,0.6641137855579868,0.26114249843063403,0.6549086936163571,0.26166456494325346,0.6613657623947614,0.3462844722122614,5.791332063243348e-05,0.004935736539722475,0.0041699497975618205
97,29.528357410430907,0.004908466339111328,0.2645,0.6279055646001159,entropy,2,16,"{'criterion': 'entropy', 'min_samples_leaf': 2, 'min_samples_split': 16}",62,0.2698511166253102,0.6286787726988102,0.2669570628500311,0.6227123416236509,0.2671660424469413,0.6333229134104408,0.2630257376020088,0.625097549555174,0.255359394703657,0.629716245712504,0.42655555035034454,7.307793533133519e-05,0.0050400988604754485,0.0036899484647696093
98,29.332397270202637,0.004936790466308594,0.267375,0.6005314717404147,entropy,2,18,"{'criterion': 'entropy', 'min_samples_leaf': 2, 'min_samples_split': 18}",48,0.2729528535980149,0.6031621790857858,0.2713130056004978,0.5950258094791178,0.26841448189762795,0.6036261331666146,0.26239799121155055,0.6012174184485719,0.26166456494325346,0.5996258185219832,0.3009149619253414,4.140489923339275e-05,0.0045823440890271775,0.003101631765821205
99,29.73436403274536,0.004932832717895508,0.2545,0.7968719610006403,entropy,3,2,"{'criterion': 'entropy', 'min_samples_leaf': 3, 'min_samples_split': 2}",123,0.26364764267990076,0.7916405760801503,0.2545115121344119,0.794775535742218,0.2596754057428215,0.8007189746795875,0.24921531701192717,0.799906352427033,0.24527112232030265,0.7973183660742127,0.2860952866324922,7.044071169909127e-05,0.006683681875273332,0.0033457050113470917
100,29.708508110046388,0.0049555301666259766,0.256625,0.796621525981575,entropy,3,4,"{'criterion': 'entropy', 'min_samples_leaf': 3, 'min_samples_split': 4}",110,0.2686104218362283,0.7911709455228554,0.2613565650280025,0.7939934303144064,0.2540574282147316,0.8004063769928103,0.2517263025737602,0.8002185110035899,0.2471626733921816,0.7973183660742127,0.4199780765300458,5.332139708608872e-05,0.007569127691292046,0.0035878879222551448
101,29.75549864768982,0.004997968673706055,0.25975,0.7969034112424547,entropy,3,6,"{'criterion': 'entropy', 'min_samples_leaf': 3, 'min_samples_split': 6}",91,0.27481389578163773,0.7916405760801503,0.25886745488487867,0.7950883779133427,0.2696629213483146,0.8011878712097531,0.25109855618330196,0.7991259559856407,0.24401008827238335,0.7974742750233863,0.3396055802056154,7.577706125039434e-05,0.011383242730984415,0.003304964984219991
102,29.617628192901613,0.0050201416015625,0.255625,0.7559067140175381,entropy,3,8,"{'criterion': 'entropy', 'min_samples_leaf': 3, 'min_samples_split': 8}",117,0.2642679900744417,0.7532874139010645,0.26011200995644057,0.7547317378382606,0.2596754057428215,0.7619568615192247,0.24733207784055242,0.7574527860152958,0.24653215636822196,0.7521047708138449,0.3255213074160446,2.860108865309354e-05,0.007243441271854855,0.0035125687939327964
103,29.55637903213501,0.004970741271972656,0.261625,0.720498877239387,entropy,3,10,"{'criterion': 'entropy', 'min_samples_leaf': 3, 'min_samples_split': 10}",87,0.2698511166253102,0.7185347526612397,0.2657125077784692,0.7160957297043642,0.2640449438202247,0.7281963113472961,0.25925925925925924,0.718276884657406,0.24905422446406053,0.7213907078266293,0.328855696818882,0.00012169332705280319,0.007113855554034263,0.004200680855527635
104,29.488791370391844,0.0049361705780029295,0.259625,0.6834993084549108,entropy,3,12,"{'criterion': 'entropy', 'min_samples_leaf': 3, 'min_samples_split': 12}",93,0.2661290322580645,0.6853475266123983,0.26197884256378345,0.6791803535116534,0.2640449438202247,0.6845889340418881,0.2630257376020088,0.6839394412361479,0.24274905422446405,0.6844402868724665,0.3316116194618002,7.847563376186877e-05,0.008503703058652674,0.002206160616400121
105,29.38533926010132,0.004986619949340821,0.26375,0.653809355516179,entropy,3,14,"{'criterion': 'entropy', 'min_samples_leaf': 3, 'min_samples_split': 14}",70,0.2698511166253102,0.6513775829680651,0.26757934038581205,0.6477397153136243,0.26591760299625467,0.6600500156298843,0.2573760200878845,0.652411425003902,0.2578814627994956,0.6574680386654194,0.3497048847443411,4.281073642593291e-05,0.0051288095029444715,0.004405452545941477
106,29.277460670471193,0.005042743682861328,0.268375,0.6249048941319341,entropy,3,16,"{'criterion': 'entropy', 'min_samples_leaf': 3, 'min_samples_split': 16}",43,0.27109181141439204,0.6247651847213526,0.27691350342252646,0.6200531831690912,0.2696629213483146,0.6297280400125039,0.263653483992467,0.6227563602309973,0.2604035308953342,0.627221702525725,0.2961399898221678,7.572789611588648e-05,0.005788017473568575,0.003370612799733814
107,29.155356645584106,0.004908418655395508,0.2665,0.5977805425524492,entropy,3,18,"{'criterion': 'entropy', 'min_samples_leaf': 3, 'min_samples_split': 18}",50,0.26364764267990076,0.5986224170319349,0.2725575606720597,0.5926794931956828,0.26779026217228463,0.6012816505157862,0.26490897677338354,0.5987201498361168,0.2635561160151324,0.5975990021827253,0.32326839450015626,7.00640123066387e-05,0.003400861617357062,0.002824996739951338
108,29.322101497650145,0.004992341995239258,0.261625,0.740499577041975,entropy,4,2,"{'criterion': 'entropy', 'min_samples_leaf': 4, 'min_samples_split': 2}",87,0.27357320099255583,0.7370068879148404,0.26633478531425014,0.7397153136242767,0.2634207240948814,0.7457017818068148,0.25360954174513495,0.7420009364757296,0.2509457755359395,0.7380729653882132,0.32851955751552553,6.617197601229089e-05,0.008322888986062567,0.0030990129115562805
109,29.345606136322022,0.0050086498260498045,0.25875,0.7412184167180633,entropy,4,4,"{'criterion': 'entropy', 'min_samples_leaf': 4, 'min_samples_split': 4}",96,0.27791563275434245,0.7382592360676268,0.2570006222775358,0.7400281557954013,0.25780274656679153,0.7461706783369803,0.2504708097928437,0.7429374122054002,0.25031525851197983,0.738696601184908,0.32706617007117866,4.4216819401453304e-05,0.010127348759998862,0.0029669130555808427
110,29.366947841644286,0.0049934864044189455,0.256125,0.7407493679294983,entropy,4,6,"{'criterion': 'entropy', 'min_samples_leaf': 4, 'min_samples_split': 6}",114,0.2698511166253102,0.7373199749530368,0.2520224019912881,0.7398717347098389,0.25842696629213485,0.7453891841200374,0.25109855618330196,0.7426252536288435,0.24905422446406053,0.7385406922357344,0.38153541897928667,7.58143190554662e-05,0.007572885183750318,0.0029139686345076954
111,29.344539594650268,0.005010652542114258,0.26425,0.7403119791141528,entropy,4,8,"{'criterion': 'entropy', 'min_samples_leaf': 4, 'min_samples_split': 8}",65,0.27667493796526055,0.7368503443957422,0.26011200995644057,0.7395588925387141,0.2784019975031211,0.7450765864332604,0.2529817953546767,0.742157015764008,0.25283732660781844,0.7379170564390396,0.3196442007561513,5.495005702877473e-05,0.011214192338061348,0.0029796426657633206
112,29.279771518707275,0.0049991607666015625,0.262,0.7098106021671391,entropy,4,10,"{'criterion': 'entropy', 'min_samples_leaf': 4, 'min_samples_split': 10}",85,0.27543424317617865,0.70648090169067,0.26446795270690726,0.7065540434850618,0.26279650436953805,0.7161613004063769,0.258631512868801,0.7087560480724208,0.2484237074401009,0.7111007171811662,0.32876277036452006,3.646510649044598e-05,0.008747401353975151,0.0035999980257432193
113,29.217286014556883,0.004979562759399414,0.2625,0.6762798143150729,entropy,4,12,"{'criterion': 'entropy', 'min_samples_leaf': 4, 'min_samples_split': 12}",79,0.27357320099255583,0.676111458985598,0.26073428749222155,0.6729235100891601,0.2721598002496879,0.6773991872460143,0.25486503452605147,0.6778523489932886,0.2509457755359395,0.6771125662613035,0.32355851815162284,8.287031978456868e-05,0.009060516587801921,0.0017727074462814837
114,29.176280784606934,0.004979228973388672,0.265875,0.6473717233169257,entropy,4,14,"{'criterion': 'entropy', 'min_samples_leaf': 4, 'min_samples_split': 14}",52,0.271712158808933,0.6438634940513462,0.2713130056004978,0.6413264508055686,0.2696629213483146,0.6550484526414505,0.26051475204017577,0.6460121741844858,0.25598991172761665,0.6506080449017774,0.2752473273920778,7.843436422927348e-05,0.00638532771953521,0.004901169588629883
115,29.095202922821045,0.004929256439208984,0.270625,0.61949807040241,entropy,4,16,"{'criterion': 'entropy', 'min_samples_leaf': 4, 'min_samples_split': 16}",33,0.27915632754342434,0.6181903569192235,0.2719352831362788,0.6142656030032848,0.27403245942571786,0.6256642700844014,0.2674199623352166,0.6171375058529733,0.2604035308953342,0.6222326161521672,0.4293114793096226,0.00010615421170173245,0.006331992454592996,0.004004019320752053
116,28.92195348739624,0.004960012435913086,0.26975,0.5939670474664277,entropy,4,18,"{'criterion': 'entropy', 'min_samples_leaf': 4, 'min_samples_split': 18}",35,0.27357320099255583,0.593143393863494,0.27940261356565027,0.5884561238854997,0.2696629213483146,0.5986245701781807,0.26239799121155055,0.5951303262057125,0.2635561160151324,0.5944808231992517,0.31856485022267683,7.218366507761003e-05,0.0063270646029525085,0.003297222610375575
117,28.967173624038697,0.0049626827239990234,0.26575,0.697810504863414,entropy,5,2,"{'criterion': 'entropy', 'min_samples_leaf': 5, 'min_samples_split': 2}",54,0.27853598014888337,0.695835942391985,0.268201617921593,0.6940403566400751,0.25780274656679153,0.7027195998749609,0.2667922159447583,0.6961136257218667,0.2572509457755359,0.7003429996881821,0.32772747835098204,4.1981443167941766e-05,0.007831541962483132,0.003209518882026134
118,29.000613737106324,0.00513153076171875,0.26675,0.6974043170384032,entropy,5,4,"{'criterion': 'entropy', 'min_samples_leaf': 5, 'min_samples_split': 4}",49,0.27419354838709675,0.6952097683155918,0.268823895457374,0.6937275144689504,0.264669163545568,0.7025633010315724,0.2642812303829253,0.6959575464335883,0.26166456494325346,0.6995634549423136,0.40012217221653135,0.00021655891191856987,0.004385900857647804,0.0032157443537807187
119,28.962403726577758,0.005024528503417969,0.268,0.69737273060185,entropy,5,6,"{'criterion': 'entropy', 'min_samples_leaf': 5, 'min_samples_split': 6}",44,0.2853598014888337,0.6955228553537883,0.26944617299315493,0.6927889879555764,0.2615480649188514,0.7024070021881839,0.263653483992467,0.6961136257218667,0.2597730138713745,0.7000311817898347,0.33183086337027107,7.451449915715479e-05,0.009309174129191253,0.003418459691244632
120,29.0060950756073,0.005040645599365234,0.269375,0.6973419439158925,entropy,5,8,"{'criterion': 'entropy', 'min_samples_leaf': 5, 'min_samples_split': 8}",39,0.28101736972704716,0.6955228553537883,0.2738021157436217,0.6932582512122634,0.2690387016229713,0.7027195998749609,0.26051475204017577,0.6958014671453098,0.26229508196721313,0.69940754599314,0.3932402925063543,3.442354785521022e-05,0.00753932198609489,0.0033330044563663684
121,28.963480758666993,0.0049990653991699215,0.26875,0.6977790301919409,entropy,5,10,"{'criterion': 'entropy', 'min_samples_leaf': 5, 'min_samples_split': 10}",42,0.2866004962779156,0.6955228553537883,0.268201617921593,0.6937275144689504,0.264669163545568,0.7031884964051266,0.26239799121155055,0.6958014671453098,0.26166456494325346,0.7006548175865295,0.3347018909192098,0.00010909296390956116,0.009251396690519076,0.0035481921596166397
122,28.974577856063842,0.004912233352661133,0.26775,0.6673745899035679,entropy,5,12,"{'criterion': 'entropy', 'min_samples_leaf': 5, 'min_samples_split': 12}",46,0.28287841191067,0.6682842830306825,0.2657125077784692,0.6643203503832317,0.26529338327091134,0.6688027508596437,0.26114249843063403,0.6680193538317465,0.2635561160151324,0.6674462114125351,0.42608193495015667,6.634492954141919e-05,0.0077678856862588835,0.0015884844672321877
123,28.887058830261232,0.004985237121582031,0.26975,0.641121459870998,entropy,5,14,"{'criterion': 'entropy', 'min_samples_leaf': 5, 'min_samples_split': 14}",35,0.27419354838709675,0.6365059486537258,0.27691350342252646,0.6352260284686376,0.2671660424469413,0.6497342919662394,0.2642812303829253,0.6400811612299048,0.266078184110971,0.6440598690364827,0.3341133385333126,7.777542946957723e-05,0.004924622618196758,0.005290678625733915
124,28.925556802749632,0.005054759979248047,0.2715,0.6155283304705343,entropy,5,16,"{'criterion': 'entropy', 'min_samples_leaf': 5, 'min_samples_split': 16}",32,0.27481389578163773,0.6131809643080777,0.28002489110143125,0.6097293915219771,0.2702871410736579,0.6219130978430759,0.26490897677338354,0.6137037615108475,0.2673392181588903,0.6191144371686935,0.34385338381504343,0.0001457860033428972,0.0054026105905015005,0.004383886138358216
125,28.8988977432251,0.005081081390380859,0.273125,0.5901236807284181,entropy,5,18,"{'criterion': 'entropy', 'min_samples_leaf': 5, 'min_samples_split': 18}",29,0.2760545905707196,0.5906386975579211,0.27940261356565027,0.583919912404192,0.2727840199750312,0.5947170990934667,0.2667922159447583,0.5902918682690806,0.27049180327868855,0.5910508263174307,0.3745766951872477,8.491204642506833e-05,0.004362244363792279,0.003485379807819146
126,28.85328278541565,0.00531158447265625,0.2675,0.6564664965547882,entropy,6,2,"{'criterion': 'entropy', 'min_samples_leaf': 6, 'min_samples_split': 2}",47,0.2729528535980149,0.6560738885410144,0.2756689483509645,0.6525887689660567,0.2615480649188514,0.6575492341356673,0.263653483992467,0.6567816450756985,0.2635561160151324,0.6593389460555036,0.38743710878688825,0.0004201210469775824,0.005702616447343435,0.002223219183901087
127,28.959534406661987,0.005129432678222657,0.27,0.6567165797283298,entropy,6,4,"{'criterion': 'entropy', 'min_samples_leaf': 6, 'min_samples_split': 4}",34,0.27667493796526055,0.6562304320601127,0.26757934038581205,0.6525887689660567,0.26529338327091134,0.6584870271959987,0.27055869428750784,0.6569377243639769,0.2698612862547289,0.6593389460555036,0.2154773752196317,0.000185915658801348,0.0038284191169881887,0.002338176878852264
128,29.173102569580077,0.005031061172485351,0.269375,0.65649793243468,entropy,6,6,"{'criterion': 'entropy', 'min_samples_leaf': 6, 'min_samples_split': 6}",39,0.2686104218362283,0.6565435190983093,0.268823895457374,0.6524323478804943,0.27091136079900124,0.657705532979056,0.2693032015065913,0.6563134072108631,0.2692307692307692,0.6594948550046773,0.411766040175449,0.00012246459376972024,0.0008103230301165941,0.0023240029877216258
129,28.933883810043334,0.005111789703369141,0.26975,0.6566543772777361,entropy,6,8,"{'criterion': 'entropy', 'min_samples_leaf': 6, 'min_samples_split': 8}",35,0.2729528535980149,0.6560738885410144,0.2750466708151836,0.6533708743938683,0.26779026217228463,0.6581744295092217,0.2674199623352166,0.65662556578742,0.26544766708701134,0.6590271281571563,0.32253588813023504,0.00019662093287298955,0.0036362472719453564,0.001952418704378563
130,28.81083450317383,0.005130100250244141,0.269375,0.6566541679044593,entropy,6,10,"{'criterion': 'entropy', 'min_samples_leaf': 6, 'min_samples_split': 10}",39,0.27543424317617865,0.6565435190983093,0.2719352831362788,0.6525887689660567,0.2634207240948814,0.658018130665833,0.26616446955430006,0.65662556578742,0.2698612862547289,0.6594948550046773,0.31530737970500716,0.00013663538917720936,0.004232447236296761,0.0023008879756966027
131,28.78519163131714,0.005151224136352539,0.269625,0.6567794175487864,entropy,6,12,"{'criterion': 'entropy', 'min_samples_leaf': 6, 'min_samples_split': 12}",38,0.27419354838709675,0.6571696931747025,0.2700684505289359,0.6529016111371813,0.2671660424469413,0.657705532979056,0.26616446955430006,0.6564694864991416,0.27049180327868855,0.6596507639538509,0.3847385359994233,0.00018986907198921123,0.00282656552919013,0.002208532311453216
132,28.692852544784547,0.004961585998535157,0.27375,0.6341829009663663,entropy,6,14,"{'criterion': 'entropy', 'min_samples_leaf': 6, 'min_samples_split': 14}",27,0.2760545905707196,0.6294614902943018,0.27940261356565027,0.6269357109338339,0.27091136079900124,0.6423882463269772,0.2699309478970496,0.6336819104104885,0.2723833543505675,0.6384471468662302,0.3463698984521863,5.1065809024668025e-05,0.0035180526731810485,0.005667026719901805
133,28.88679704666138,0.0050887584686279295,0.273,0.610746215170221,entropy,6,16,"{'criterion': 'entropy', 'min_samples_leaf': 6, 'min_samples_split': 16}",30,0.27543424317617865,0.6075453976205385,0.28002489110143125,0.6039418113561709,0.2696629213483146,0.6173804313848078,0.2674199623352166,0.6105821757452786,0.2723833543505675,0.6142812597443094,0.39439544482839334,8.689948714693371e-05,0.004428600549082877,0.004755658063961894
134,29.273331022262575,0.005127048492431641,0.274,0.5864966085118657,entropy,6,18,"{'criterion': 'entropy', 'min_samples_leaf': 6, 'min_samples_split': 18}",24,0.27481389578163773,0.5859423919849718,0.28189172370877413,0.5784451744095104,0.2727840199750312,0.590340731478587,0.2693032015065913,0.5884189168097393,0.27112232030264816,0.5893358278765201,0.4198412165566676,9.004228568792063e-05,0.004355952491924406,0.004281739465199373
135,29.12640299797058,0.005173206329345703,0.27375,0.6259017703821331,entropy,7,2,"{'criterion': 'entropy', 'min_samples_leaf': 7, 'min_samples_split': 2}",27,0.2878411910669975,0.6224170319348779,0.2738021157436217,0.6177068668856562,0.2784019975031211,0.6331666145670523,0.26804770872567485,0.6263461838614016,0.2604035308953342,0.6298721546616776,0.27072248679024385,6.677099494135488e-05,0.009280788990628378,0.005441309788301171
136,29.01773920059204,0.0051631927490234375,0.275375,0.6259017509578182,entropy,7,4,"{'criterion': 'entropy', 'min_samples_leaf': 7, 'min_samples_split': 4}",21,0.2872208436724566,0.6225735754539762,0.2731798382078407,0.6175504458000939,0.27652933832709115,0.6330103157236636,0.27432517263025735,0.62650226314968,0.26544766708701134,0.6298721546616776,0.4303467796294115,6.562395056402734e-05,0.007019078959745059,0.005430975299450747
137,29.144507360458373,0.005152225494384766,0.273875,0.6260269807107045,entropy,7,6,"{'criterion': 'entropy', 'min_samples_leaf': 7, 'min_samples_split': 6}",26,0.2878411910669975,0.6228866624921728,0.2750466708151836,0.6178632879712185,0.2727840199750312,0.6331666145670523,0.27181418706842436,0.6263461838614016,0.26166456494325346,0.6298721546616776,0.39411687514733323,0.00014408279985570217,0.008379814560631414,0.0053360866302139915
138,29.031964778900146,0.005154037475585937,0.275125,0.6258702810101054,entropy,7,8,"{'criterion': 'entropy', 'min_samples_leaf': 7, 'min_samples_split': 8}",22,0.2878411910669975,0.6221039448966813,0.2756689483509645,0.6177068668856562,0.27965043695380776,0.6328540168802751,0.2699309478970496,0.6268144217262369,0.26229508196721313,0.6298721546616776,0.3613838636874345,0.00017093515427443786,0.008645730333248192,0.005413050507908426
139,29.128886270523072,0.005107975006103516,0.27625,0.6260892073093731,entropy,7,10,"{'criterion': 'entropy', 'min_samples_leaf': 7, 'min_samples_split': 10}",12,0.28970223325062033,0.6227301189730745,0.2750466708151836,0.6177068668856562,0.27965043695380776,0.6330103157236636,0.27369742623979915,0.6271265803027938,0.26292559899117274,0.6298721546616776,0.35527213134427355,9.098642757980883e-05,0.008692811710891991,0.00538211260585068
140,29.19527678489685,0.005144309997558594,0.27575,0.6260270152456515,entropy,7,12,"{'criterion': 'entropy', 'min_samples_leaf': 7, 'min_samples_split': 12}",16,0.28846153846153844,0.6233562930494677,0.27878033602986935,0.6177068668856562,0.27965043695380776,0.6325414191934979,0.26804770872567485,0.6266583424379585,0.2635561160151324,0.6298721546616776,0.4585402064982833,6.522958039303418e-05,0.008873625256139718,0.005176461257068603
141,29.121178722381593,0.005143928527832031,0.273,0.6261205599242149,entropy,7,14,"{'criterion': 'entropy', 'min_samples_leaf': 7, 'min_samples_split': 14}",30,0.2859801488833747,0.6228866624921728,0.2706907280647169,0.6177068668856562,0.27340823970037453,0.6331666145670523,0.27181418706842436,0.6269705010145153,0.26292559899117274,0.6298721546616776,0.34959169760813164,4.470495221586586e-05,0.007446829124687915,0.005398000965339804
142,29.016799449920654,0.005078268051147461,0.274375,0.6044649411695431,entropy,7,16,"{'criterion': 'entropy', 'min_samples_leaf': 7, 'min_samples_split': 16}",23,0.2859801488833747,0.6009705698184096,0.2731798382078407,0.5978413890192398,0.2802746566791511,0.6106595811190997,0.26867545511613306,0.6057437178086468,0.2635561160151324,0.6071094480823199,0.36514089445176195,8.902262410786763e-05,0.0080042546611703,0.004540579805189963
143,29.019669914245604,0.005084180831909179,0.274,0.582277745920855,entropy,7,18,"{'criterion': 'entropy', 'min_samples_leaf': 7, 'min_samples_split': 18}",24,0.28287841191067,0.5815591734502191,0.27691350342252646,0.573126857500391,0.2746566791510612,0.5870584557674273,0.2655367231638418,0.5854534103324489,0.2698612862547289,0.5841908325537886,0.3433904142690481,0.0001293345176666333,0.005944199862951895,0.004916401872032506
144,28.712829923629762,0.0050599098205566405,0.27725,0.597371118433481,entropy,8,2,"{'criterion': 'entropy', 'min_samples_leaf': 8, 'min_samples_split': 2}",7,0.28846153846153844,0.5947088290544772,0.2756689483509645,0.5911152823400594,0.2833957553058677,0.6012816505157862,0.26490897677338354,0.5993444669892305,0.27364438839848676,0.6004053632678515,0.35944861146714846,0.0001236281971640605,0.008142367409633582,0.0038630629653018645
145,28.73318009376526,0.005070686340332031,0.275625,0.5973398097679338,entropy,8,4,"{'criterion': 'entropy', 'min_samples_leaf': 8, 'min_samples_split': 4}",18,0.2872208436724566,0.5947088290544772,0.27691350342252646,0.5908024401689348,0.2784019975031211,0.6014379493591747,0.2617702448210923,0.5993444669892305,0.27364438839848676,0.6004053632678515,0.3336230040353114,8.524936268806851e-05,0.008244560214941785,0.0039967556275946675
146,28.806970739364623,0.005092000961303711,0.27625,0.5973088234753556,entropy,8,6,"{'criterion': 'entropy', 'min_samples_leaf': 8, 'min_samples_split': 6}",12,0.2866004962779156,0.5948653725735754,0.2775357809583074,0.5911152823400594,0.2833957553058677,0.6014379493591747,0.26616446955430006,0.5987201498361168,0.2673392181588903,0.6004053632678515,0.267529542659949,6.098737932903454e-05,0.008254726578291032,0.003819960351928587
147,28.829545116424562,0.005138874053955078,0.276125,0.5969652777685063,entropy,8,8,"{'criterion': 'entropy', 'min_samples_leaf': 8, 'min_samples_split': 8}",14,0.2853598014888337,0.5947088290544772,0.27691350342252646,0.5908024401689348,0.2846441947565543,0.6012816505157862,0.26490897677338354,0.5980958326830029,0.2686002522068096,0.5999376364203305,0.33564310626480487,0.0001053366632481881,0.008253341409281583,0.003789888445349362
148,28.47182960510254,0.005030918121337891,0.276,0.5972147117098411,entropy,8,10,"{'criterion': 'entropy', 'min_samples_leaf': 8, 'min_samples_split': 10}",15,0.2878411910669975,0.5942391984971822,0.2738021157436217,0.5908024401689348,0.2833957553058677,0.6015942482025634,0.2655367231638418,0.5990323084126736,0.2692307692307692,0.6004053632678515,0.5173453485501467,0.00013440798708622413,0.00842977498949293,0.004065345255273964
149,28.12665867805481,0.004974174499511719,0.275625,0.5973400486903101,entropy,8,12,"{'criterion': 'entropy', 'min_samples_leaf': 8, 'min_samples_split': 12}",18,0.28970223325062033,0.5947088290544772,0.2738021157436217,0.5911152823400594,0.28214731585518105,0.6014379493591747,0.2630257376020088,0.5995005462775089,0.2692307692307692,0.5999376364203305,0.4396221956655757,4.861714371784965e-05,0.009425087125294891,0.0038439311809274554
150,28.084203052520753,0.004935503005981445,0.277125,0.5973086622314625,entropy,8,14,"{'criterion': 'entropy', 'min_samples_leaf': 8, 'min_samples_split': 14}",9,0.2872208436724566,0.5945522855353789,0.2762912258867455,0.5912717034256217,0.2852684144818976,0.6012816505157862,0.2667922159447583,0.5990323084126736,0.2698612862547289,0.6004053632678515,0.33160097333176514,5.832168751982897e-05,0.008104147285771739,0.0038049345194965238
151,28.10467267036438,0.004939889907836914,0.278,0.5972148973638965,entropy,8,16,"{'criterion': 'entropy', 'min_samples_leaf': 8, 'min_samples_split': 16}",3,0.28970223325062033,0.5943957420162805,0.2806471686372122,0.5911152823400594,0.2852684144818976,0.6014379493591747,0.2617702448210923,0.5987201498361168,0.2723833543505675,0.6004053632678515,0.3352878013737222,3.777278723931831e-05,0.009913895371461222,0.003884120650990628
152,28.06137776374817,0.004997348785400391,0.27575,0.5768710934018196,entropy,8,18,"{'criterion': 'entropy', 'min_samples_leaf': 8, 'min_samples_split': 18}",16,0.2841191066997519,0.5751408891671885,0.27815805849408837,0.5692163303613327,0.27902621722846443,0.5798687089715536,0.2642812303829253,0.5815514281254878,0.2730138713745271,0.578578110383536,0.33665733034158724,8.568985298786332e-05,0.006715899165871592,0.004367931847107826
153,27.853395175933837,0.004992437362670898,0.27675,0.5719660438008967,entropy,9,2,"{'criterion': 'entropy', 'min_samples_leaf': 9, 'min_samples_split': 2}",11,0.27357320099255583,0.5721665623043206,0.28126944617299315,0.5635851712810886,0.28277153558052437,0.5754923413566739,0.26616446955430006,0.5759325737474638,0.27994955863808324,0.572653570314936,0.3541105812307072,9.347655190149401e-05,0.006143248857686544,0.004447922185467951
154,27.862226152420043,0.004981899261474609,0.278375,0.571841395573429,entropy,9,4,"{'criterion': 'entropy', 'min_samples_leaf': 9, 'min_samples_split': 4}",2,0.27729528535980147,0.5727927363807138,0.28313627878033604,0.5634287501955264,0.2808988764044944,0.5751797436698969,0.27055869428750784,0.5751521773060715,0.27994955863808324,0.572653570314936,0.35476114950428667,8.027204809609238e-05,0.004326806792131278,0.004346104533742443
155,27.852731657028198,0.004935693740844726,0.27775,0.5717162974770639,entropy,9,6,"{'criterion': 'entropy', 'min_samples_leaf': 9, 'min_samples_split': 6}",4,0.2760545905707196,0.5721665623043206,0.2850031113876789,0.563741592366651,0.28214731585518105,0.5751797436698969,0.26490897677338354,0.5748400187295146,0.28058007566204285,0.572653570314936,0.3263375353438664,7.740132028824197e-05,0.007031415700677958,0.004157649200665794
156,27.890045738220216,0.004949092864990234,0.27725,0.5720286612085359,entropy,9,8,"{'criterion': 'entropy', 'min_samples_leaf': 9, 'min_samples_split': 8}",7,0.27729528535980147,0.5724796493425173,0.28313627878033604,0.5635851712810886,0.2833957553058677,0.5754923413566739,0.2617702448210923,0.5759325737474638,0.28058007566204285,0.572653570314936,0.3366506601704483,5.496941863498052e-05,0.008027282150209985,0.00445250574673095
157,27.861667013168336,0.004975414276123047,0.277,0.5720601212747753,entropy,9,10,"{'criterion': 'entropy', 'min_samples_leaf': 9, 'min_samples_split': 10}",10,0.27543424317617865,0.5727927363807138,0.28251400124455506,0.563741592366651,0.2833957553058677,0.5753360425132854,0.26239799121155055,0.5759325737474638,0.2812105926860025,0.5724976613657624,0.3801858932035995,9.682537498196691e-05,0.007795175659506453,0.004373868711658422
158,27.892968463897706,0.004876470565795899,0.275625,0.5722162936713049,entropy,9,12,"{'criterion': 'entropy', 'min_samples_leaf': 9, 'min_samples_split': 12}",18,0.27543424317617865,0.5731058234189105,0.28126944617299315,0.5635851712810886,0.28214731585518105,0.5754923413566739,0.2617702448210923,0.5760886530357422,0.27742749054224464,0.5728094792641097,0.4558876180681579,4.170365554583685e-05,0.007334365479893062,0.004502600615609511
159,27.851902627944945,0.0049380302429199215,0.277625,0.5716534795480481,entropy,9,14,"{'criterion': 'entropy', 'min_samples_leaf': 9, 'min_samples_split': 14}",5,0.27791563275434245,0.5715403882279274,0.28126944617299315,0.5634287501955264,0.28277153558052437,0.5754923413566739,0.2667922159447583,0.5753082565943499,0.2793190416141236,0.5724976613657624,0.31170089072621776,4.1676113203654586e-05,0.005650232005135665,0.0043923993614920455
160,27.804047870635987,0.004978990554809571,0.277625,0.5720599260013335,entropy,9,16,"{'criterion': 'entropy', 'min_samples_leaf': 9, 'min_samples_split': 16}",5,0.2760545905707196,0.5726361928616155,0.28189172370877413,0.5635851712810886,0.2833957553058677,0.5753360425132854,0.2667922159447583,0.5760886530357422,0.27994955863808324,0.572653570314936,0.32925316029134216,0.0001029281033727905,0.005938090652095751,0.0044602588613510685
161,27.864587545394897,0.004959774017333984,0.2785,0.5720289152603206,entropy,9,18,"{'criterion': 'entropy', 'min_samples_leaf': 9, 'min_samples_split': 18}",1,0.27915632754342434,0.5727927363807138,0.28251400124455506,0.563741592366651,0.2833957553058677,0.5754923413566739,0.26804770872567485,0.5754643358826284,0.2793190416141236,0.572653570314936,0.28594354108683295,5.759541525235288e-05,0.005478183199665319,0.004323211134382272
