,mean_fit_time,mean_score_time,mean_test_score,mean_train_score,param_criterion,param_min_samples_leaf,param_min_samples_split,param_n_estimators,params,rank_test_score,split0_test_score,split0_train_score,split1_test_score,split1_train_score,split2_test_score,split2_train_score,split3_test_score,split3_train_score,split4_test_score,split4_train_score,std_fit_time,std_score_time,std_test_score,std_train_score
0,12.065114164352417,0.08721404075622559,0.50475,1.0,gini,1,2,95,"{'min_samples_split': 2, 'min_samples_leaf': 1, 'n_estimators': 95, 'criterion': 'gini'}",19,0.5086848635235732,1.0,0.5146235220908525,1.0,0.5106117353308365,1.0,0.4896421845574388,1.0,0.5,1.0,0.12385344853898074,0.0027014833520423885,0.0089165878696081,0.0
1,12.149182558059692,0.08616704940795898,0.505625,1.0,gini,1,2,96,"{'min_samples_split': 2, 'min_samples_leaf': 1, 'n_estimators': 96, 'criterion': 'gini'}",13,0.4968982630272953,1.0,0.522713130056005,1.0,0.5237203495630461,1.0,0.4839924670433145,1.0,0.5006305170239597,1.0,0.09371753201971834,0.0005068174588116796,0.015417558264535988,0.0
2,12.231426858901978,0.08759689331054688,0.503125,1.0,gini,1,2,97,"{'min_samples_split': 2, 'min_samples_leaf': 1, 'n_estimators': 97, 'criterion': 'gini'}",33,0.5186104218362283,1.0,0.5133789670192906,1.0,0.49563046192259674,1.0,0.49403640929064657,1.0,0.4936948297604035,1.0,0.0377570340841894,0.0012550204085553232,0.010712889588471474,0.0
3,12.319290924072266,0.08799443244934083,0.50325,1.0,gini,1,2,98,"{'min_samples_split': 2, 'min_samples_leaf': 1, 'n_estimators': 98, 'criterion': 'gini'}",30,0.5068238213399504,1.0,0.5314250155569384,1.0,0.5,1.0,0.485247959824231,1.0,0.49243379571248425,1.0,0.07069087069109495,0.0008892540190454075,0.0158705415626941,0.0
4,12.477268981933594,0.09016237258911133,0.5075,1.0,gini,1,2,99,"{'min_samples_split': 2, 'min_samples_leaf': 1, 'n_estimators': 99, 'criterion': 'gini'}",7,0.5148883374689827,1.0,0.522713130056005,1.0,0.5093632958801498,1.0,0.49403640929064657,1.0,0.4962168978562421,1.0,0.03585357908643836,0.0018973832544942172,0.01093247175335601,0.0
5,12.669199657440185,0.09110350608825683,0.51025,1.0,gini,1,2,100,"{'min_samples_split': 2, 'min_samples_leaf': 1, 'n_estimators': 100, 'criterion': 'gini'}",1,0.511166253101737,1.0,0.5295581829495956,1.0,0.5124843945068664,1.0,0.4965473948524796,1.0,0.5012610340479193,1.0,0.11473176337497062,0.0008291309225682347,0.01137818929180728,0.0
6,11.805064296722412,0.08389129638671874,0.509,0.9998748386065704,gini,1,3,95,"{'min_samples_split': 3, 'min_samples_leaf': 1, 'n_estimators': 95, 'criterion': 'gini'}",4,0.5173697270471465,0.9996869129618033,0.5276913503422527,0.9998435789144376,0.4993757802746567,0.9998437011566115,0.4934086629001883,1.0,0.5069356872635561,1.0,0.06038880017532018,0.000590043598155574,0.01233259536108899,0.00011712685935665793
7,11.862886905670166,0.08438210487365723,0.506125,0.9999687157828875,gini,1,3,96,"{'min_samples_split': 3, 'min_samples_leaf': 1, 'n_estimators': 96, 'criterion': 'gini'}",9,0.5173697270471465,1.0,0.5295581829495956,0.9998435789144376,0.5093632958801498,1.0,0.4821092278719397,1.0,0.4918032786885246,1.0,0.036783039642670656,0.00186763801056366,0.017128685254300162,6.256843422494108e-05
8,11.995763349533082,0.08475422859191895,0.5055,0.9999374315275027,gini,1,3,97,"{'min_samples_split': 3, 'min_samples_leaf': 1, 'n_estimators': 97, 'criterion': 'gini'}",14,0.5124069478908189,0.9998434564809017,0.5084007467330429,1.0,0.50187265917603,0.9998437011566115,0.49466415568110483,1.0,0.5100882723833543,1.0,0.04623571562859075,0.0012094633357783928,0.00644140950302052,7.66304548635962e-05
9,12.093291997909546,0.08725318908691407,0.507875,0.9998749998504636,gini,1,3,98,"{'min_samples_split': 3, 'min_samples_leaf': 1, 'n_estimators': 98, 'criterion': 'gini'}",5,0.5142679900744417,1.0,0.5183571873055383,0.9996871578288753,0.5168539325842697,1.0,0.4965473948524796,0.9996878414234431,0.4930643127364439,1.0,0.061662272899917256,0.0010135706268605807,0.0107465916992976,0.0001530934446875653
10,12.132103157043456,0.08704428672790528,0.503,1.0,gini,1,3,99,"{'min_samples_split': 3, 'min_samples_leaf': 1, 'n_estimators': 99, 'criterion': 'gini'}",35,0.5012406947890818,1.0,0.5252022401991289,1.0,0.5056179775280899,1.0,0.48650345260514755,1.0,0.4962168978562421,1.0,0.05239919060966107,0.001421682973348924,0.012818971766719279,0.0
11,12.449179935455323,0.09023594856262207,0.504375,0.9999375243736666,gini,1,3,100,"{'min_samples_split': 3, 'min_samples_leaf': 1, 'n_estimators': 100, 'criterion': 'gini'}",20,0.5055831265508685,1.0,0.5332918481642813,1.0,0.5056179775280899,0.9998437011566115,0.487758945386064,0.9998439207117216,0.489281210592686,1.0,0.10181678646665486,0.0022919846181436335,0.016392524204632768,7.651673443808855e-05
12,11.706347227096558,0.08602948188781738,0.500875,0.9997811811904024,gini,1,4,95,"{'min_samples_split': 4, 'min_samples_leaf': 1, 'n_estimators': 95, 'criterion': 'gini'}",58,0.5086848635235732,0.9996869129618033,0.5208462974486621,0.9998435789144376,0.5074906367041199,0.9996874023132228,0.4821092278719397,0.9998439207117216,0.4848675914249685,0.9998440910508263,0.06371194392086907,0.0009699944067909666,0.014902879360043633,7.677024262948806e-05
13,11.741955518722534,0.08624253273010254,0.509125,0.9995623869057843,gini,1,4,96,"{'min_samples_split': 4, 'min_samples_leaf': 1, 'n_estimators': 96, 'criterion': 'gini'}",2,0.5235732009925558,0.9996869129618033,0.5177349097697573,0.9992178945721883,0.5081148564294632,0.9995311034698343,0.49278091650973005,0.9996878414234431,0.5031525851197982,0.9996881821016527,0.06458988263827063,0.0010834331080785986,0.010836149486068154,0.00018260538174076432
14,12.410354471206665,0.09272933006286621,0.5055,0.9997499504654257,gini,1,4,97,"{'min_samples_split': 4, 'min_samples_leaf': 1, 'n_estimators': 97, 'criterion': 'gini'}",14,0.5086848635235732,0.9995303694427051,0.5289359054138145,0.9998435789144376,0.5106117353308365,0.9998437011566115,0.48650345260514755,0.9998439207117216,0.49243379571248425,0.9996881821016527,0.5875990324715888,0.011123665947519882,0.01494354966254728,0.00012523341571107219
15,12.119551134109496,0.08809871673583984,0.50225,0.9997812301255442,gini,1,4,98,"{'min_samples_split': 4, 'min_samples_leaf': 1, 'n_estimators': 98, 'criterion': 'gini'}",42,0.5043424317617866,0.9998434564809017,0.523335407591786,0.9998435789144376,0.50187265917603,0.9995311034698343,0.4908976773383553,0.9998439207117216,0.4905422446406053,0.9998440910508263,0.07133061052581188,0.0019676442429644725,0.011960574785191866,0.00012506353601009887
16,12.232745265960693,0.08897857666015625,0.50025,0.999875116882975,gini,1,4,99,"{'min_samples_split': 4, 'min_samples_leaf': 1, 'n_estimators': 99, 'criterion': 'gini'}",65,0.5080645161290323,1.0,0.5202240199128811,1.0,0.49875156054931336,0.9996874023132228,0.4795982423101067,1.0,0.4943253467843632,0.9996881821016527,0.0370550696790828,0.0011604783421069543,0.013593404832903767,0.00015295015588021269
17,12.184494638442994,0.08799171447753906,0.50575,0.9995624063300992,gini,1,4,100,"{'min_samples_split': 4, 'min_samples_leaf': 1, 'n_estimators': 100, 'criterion': 'gini'}",11,0.5148883374689827,0.9995303694427051,0.5289359054138145,0.9993743156577507,0.5099875156054932,0.9996874023132228,0.47897049591964846,0.9995317621351647,0.49558638083228246,0.9996881821016527,0.06215159115419126,0.0015049421584388315,0.01707894782894883,0.00011729200345165038
18,11.432928323745728,0.08238592147827148,0.50325,0.9992811020892395,gini,1,5,95,"{'min_samples_split': 5, 'min_samples_leaf': 1, 'n_estimators': 95, 'criterion': 'gini'}",30,0.5031017369727047,0.9993738259236068,0.5283136278780336,0.9989050524010636,0.4975031210986267,0.9992185057830572,0.49278091650973005,0.9995317621351647,0.4943253467843632,0.9993763642033052,0.16715105894683774,0.0017196560471644902,0.013054489687452271,0.0002125251533273665
19,11.645785856246949,0.0848803997039795,0.502875,0.9992815216798239,gini,1,5,96,"{'min_samples_split': 5, 'min_samples_leaf': 1, 'n_estimators': 96, 'criterion': 'gini'}",38,0.510545905707196,0.9995303694427051,0.5084007467330429,0.9992178945721883,0.5156054931335831,0.9995311034698343,0.4770872567482737,0.9992196035586077,0.5025220680958385,0.9989086373557842,0.07953166502063386,0.0011422537871122243,0.013523619187043437,0.00023286960328534393
20,11.761256456375122,0.08485822677612305,0.50375,0.99937478391557,gini,1,5,97,"{'min_samples_split': 5, 'min_samples_leaf': 1, 'n_estimators': 97, 'criterion': 'gini'}",24,0.5248138957816377,0.9992172824045085,0.5146235220908525,0.9993743156577507,0.5118601747815231,0.9990622069396686,0.48148148148148145,0.9996878414234431,0.4854981084489281,0.999532273152479,0.087267455397801,0.0015679039530463088,0.01706198890524063,0.00022150357744000343
21,11.76134557723999,0.08428902626037597,0.5025,0.9991872786671456,gini,1,5,98,"{'min_samples_split': 5, 'min_samples_leaf': 1, 'n_estimators': 98, 'criterion': 'gini'}",40,0.5086848635235732,0.9990607388854101,0.5252022401991289,0.9989050524010636,0.5,0.9993748046264458,0.4921531701192718,0.9990635242703293,0.48612862547288777,0.999532273152479,0.0373457621093432,0.0005546174017217744,0.013672666302244776,0.0002302895189458113
22,11.951220512390137,0.08471250534057617,0.506875,0.9992501640025898,gini,1,5,99,"{'min_samples_split': 5, 'min_samples_leaf': 1, 'n_estimators': 99, 'criterion': 'gini'}",8,0.5080645161290323,0.9990607388854101,0.5276913503422527,0.999530736743313,0.5,0.9995311034698343,0.49591964846202136,0.9992196035586077,0.5025220680958385,0.9989086373557842,0.09056157521127933,0.0008506208639371419,0.01115565639758526,0.0002494411005932256
23,12.129669809341431,0.08716778755187989,0.505375,0.9990626153102695,gini,1,5,100,"{'min_samples_split': 5, 'min_samples_leaf': 1, 'n_estimators': 100, 'criterion': 'gini'}",17,0.5062034739454094,0.9993738259236068,0.5308027380211574,0.9989050524010636,0.5056179775280899,0.9990622069396686,0.48650345260514755,0.9989074449820509,0.4974779319041614,0.9990645463049579,0.045422307959504055,0.0026789520766820818,0.014605098042408322,0.00017073947550446728
24,11.38366994857788,0.08073892593383789,0.499375,0.9989375073707034,gini,1,6,95,"{'min_samples_split': 6, 'min_samples_leaf': 1, 'n_estimators': 95, 'criterion': 'gini'}",69,0.5055831265508685,0.9987476518472135,0.5171126322339763,0.9992178945721883,0.5049937578027466,0.9989059080962801,0.47394852479598243,0.9989074449820509,0.49495586380832285,0.9989086373557842,0.08451653267687728,0.0013842365520743334,0.014487753010363104,0.00015323044193188493
25,11.379572534561158,0.08493118286132813,0.503,0.998906247640298,gini,1,6,96,"{'min_samples_split': 6, 'min_samples_leaf': 1, 'n_estimators': 96, 'criterion': 'gini'}",35,0.5012406947890818,0.9989041953663118,0.5146235220908525,0.9989050524010636,0.5099875156054932,0.9989059080962801,0.4971751412429379,0.9989074449820509,0.4918032786885246,0.9989086373557842,0.10661506838401164,0.003903206828112961,0.008315675332294483,1.6062429990392661e-06
26,11.74638934135437,0.08467044830322265,0.502,0.9987498993946415,gini,1,6,97,"{'min_samples_split': 6, 'min_samples_leaf': 1, 'n_estimators': 97, 'criterion': 'gini'}",46,0.5031017369727047,0.9982780212899186,0.5158680771624145,0.999061473486626,0.50187265917603,0.9989059080962801,0.48650345260514755,0.9987513656937724,0.5025220680958385,0.9987527284066106,0.17424387813652467,0.00047744668150988745,0.009314146977889758,0.00026233422530873085
27,11.769977474212647,0.08319621086120606,0.5055,0.9986874236210381,gini,1,6,98,"{'min_samples_split': 6, 'min_samples_leaf': 1, 'n_estimators': 98, 'criterion': 'gini'}",14,0.5068238213399504,0.9985911083281153,0.5121344119477287,0.9982793680588143,0.5118601747815231,0.9990622069396686,0.4934086629001883,0.9990635242703293,0.5031525851197982,0.9984409105082632,0.21901730393204774,0.002320195537953908,0.00689200944678072,0.00032201519423887085
28,11.643880891799927,0.08275213241577148,0.503625,0.998844015493335,gini,1,6,99,"{'min_samples_split': 6, 'min_samples_leaf': 1, 'n_estimators': 99, 'criterion': 'gini'}",27,0.5074441687344913,0.9985911083281153,0.5177349097697573,0.9993743156577507,0.5087390761548065,0.9990622069396686,0.4896421845574388,0.9989074449820509,0.4943253467843632,0.9982850015590895,0.05451865732965341,0.002138426301416662,0.010210122753683363,0.0003766451073812984
29,11.742805767059327,0.08295693397521972,0.50175,0.9986873993198733,gini,1,6,100,"{'min_samples_split': 6, 'min_samples_leaf': 1, 'n_estimators': 100, 'criterion': 'gini'}",51,0.49317617866004965,0.9982780212899186,0.5314250155569384,0.9989050524010636,0.4993757802746567,0.9989059080962801,0.48713119899560575,0.998595286405494,0.4974779319041614,0.9987527284066106,0.05647846067688295,0.001025672854509761,0.01545981982860581,0.0002347177023990345
30,10.979339218139648,0.07831621170043945,0.49925,0.9983122623191173,gini,1,7,95,"{'min_samples_split': 7, 'min_samples_leaf': 1, 'n_estimators': 95, 'criterion': 'gini'}",71,0.5037220843672456,0.9984345648090169,0.5152457996266335,0.9979665258876896,0.5056179775280899,0.9979681150359487,0.4896421845574388,0.998595286405494,0.4817150063051702,0.9985968194574368,0.04973141621174715,0.0003643482116013487,0.011953478399409152,0.0002877513961746349
31,11.053317403793335,0.07859206199645996,0.503125,0.9981875349547394,gini,1,7,96,"{'min_samples_split': 7, 'min_samples_leaf': 1, 'n_estimators': 96, 'criterion': 'gini'}",33,0.5049627791563276,0.9981214777708203,0.5196017423771002,0.9979665258876896,0.5074906367041199,0.9987496092528916,0.48085373509102325,0.9979709692523802,0.5025220680958385,0.9981290926099158,0.04413671182915941,0.0031360397494929397,0.012564678222530516,0.00028963849433928185
32,11.2304762840271,0.07842764854431153,0.509125,0.9980002201224032,gini,1,7,97,"{'min_samples_split': 7, 'min_samples_leaf': 1, 'n_estimators': 97, 'criterion': 'gini'}",2,0.5173697270471465,0.9981214777708203,0.5158680771624145,0.9979665258876896,0.5087390761548065,0.9984370115661144,0.4990583804143126,0.9976588106758233,0.5044136191677175,0.9978172747115684,0.037729448552262894,0.0012297102301874721,0.006887653398305495,0.0002670786092563001
33,11.343887042999267,0.07967529296875,0.505375,0.9983437658292524,gini,1,7,98,"{'min_samples_split': 7, 'min_samples_leaf': 1, 'n_estimators': 98, 'criterion': 'gini'}",17,0.5049627791563276,0.9982780212899186,0.5289359054138145,0.9982793680588143,0.4975031210986267,0.9985933104095029,0.49403640929064657,0.9982831278289371,0.5012610340479193,0.9982850015590895,0.04640615806663718,0.0010571107010383274,0.012365579901652326,0.00012479753311026457
34,11.437278318405152,0.08078007698059082,0.504,0.9982812120002613,gini,1,7,99,"{'min_samples_split': 7, 'min_samples_leaf': 1, 'n_estimators': 99, 'criterion': 'gini'}",22,0.5018610421836228,0.9982780212899186,0.5189794648413192,0.998122946973252,0.5056179775280899,0.9982807127227259,0.4908976773383553,0.998595286405494,0.5025220680958385,0.9981290926099158,0.04107240649569404,0.0011885349144096266,0.0090075701006231,0.00017137169522775443
35,11.59437460899353,0.0808598518371582,0.50775,0.9983438781380037,gini,1,7,100,"{'min_samples_split': 7, 'min_samples_leaf': 1, 'n_estimators': 100, 'criterion': 'gini'}",6,0.5031017369727047,0.9984345648090169,0.5308027380211574,0.998122946973252,0.5074906367041199,0.9989059080962801,0.4952919020715631,0.9979709692523802,0.501891551071879,0.9982850015590895,0.058581046551298685,0.000749793148969919,0.012199473580031874,0.00032107314256406375
36,10.953619956970215,0.0786520004272461,0.500875,0.9975938710152269,gini,1,8,95,"{'min_samples_split': 8, 'min_samples_leaf': 1, 'n_estimators': 95, 'criterion': 'gini'}",58,0.5,0.9970256731371321,0.5214685749844431,0.998122946973252,0.5012484394506866,0.9979681150359487,0.5009416195856874,0.9978148899641017,0.48045397225725095,0.9970377299657001,0.1581289934130013,0.0007359438274637914,0.01296329918109397,0.00046924855413910647
37,10.98096160888672,0.07906913757324219,0.498875,0.9976877340534364,gini,1,8,96,"{'min_samples_split': 8, 'min_samples_leaf': 1, 'n_estimators': 96, 'criterion': 'gini'}",74,0.4993796526054591,0.9978083907326236,0.5127566894835096,0.9978101048021273,0.5043695380774033,0.9978118161925602,0.4915254237288136,0.9976588106758233,0.48612862547288777,0.9973495478640474,0.05609097232071818,0.001208357322481769,0.009368639626473229,0.0001789611533731291
38,11.079015874862671,0.079052734375,0.50575,0.9976872263974966,gini,1,8,97,"{'min_samples_split': 8, 'min_samples_leaf': 1, 'n_estimators': 97, 'criterion': 'gini'}",11,0.511166253101737,0.9971822166562304,0.5208462974486621,0.9978101048021273,0.5024968789013733,0.9978118161925602,0.4934086629001883,0.9976588106758233,0.5006305170239597,0.9979731836607422,0.049068275970343765,0.0010285922788969015,0.009451657212751903,0.0002713800168669113
39,11.204782342910766,0.07953076362609864,0.504,0.9978434618672759,gini,1,8,98,"{'min_samples_split': 8, 'min_samples_leaf': 1, 'n_estimators': 98, 'criterion': 'gini'}",22,0.5080645161290323,0.9971822166562304,0.5270690728064716,0.9979665258876896,0.5024968789013733,0.9981244138793373,0.482736974262398,0.9979709692523802,0.49936948297604034,0.9979731836607422,0.05358016553295694,0.0011275493581618828,0.014316487947347821,0.0003359791339617801
40,11.27882342338562,0.07946596145629883,0.50375,0.9975001457067281,gini,1,8,99,"{'min_samples_split': 8, 'min_samples_leaf': 1, 'n_estimators': 99, 'criterion': 'gini'}",24,0.5031017369727047,0.9974953036944271,0.5258245177349098,0.9978101048021273,0.5049937578027466,0.9971866208190059,0.49278091650973005,0.9979709692523802,0.4918032786885246,0.9970377299657001,0.020270122066249126,0.001101420817081135,0.012269133376442786,0.00035493635198889336
41,11.457380771636963,0.08116755485534669,0.50225,0.9976559957107923,gini,1,8,100,"{'min_samples_split': 8, 'min_samples_leaf': 1, 'n_estimators': 100, 'criterion': 'gini'}",42,0.5018610421836228,0.9971822166562304,0.5152457996266335,0.9974972626310027,0.5024968789013733,0.9981244138793373,0.49026993094789706,0.9976588106758233,0.5012610340479193,0.9978172747115684,0.03727182299543861,0.0005964576180385295,0.007920944320378709,0.0003146735463630651
42,10.775197792053223,0.07644367218017578,0.49875,0.9971248272890542,gini,1,9,95,"{'min_samples_split': 9, 'min_samples_leaf': 1, 'n_estimators': 95, 'criterion': 'gini'}",75,0.5024813895781638,0.9963994990607389,0.5196017423771002,0.997653683716565,0.5049937578027466,0.9970303219756174,0.4745762711864407,0.9976588106758233,0.4918032786885246,0.9968818210165263,0.03598467279152543,0.0006279182822260867,0.014962657265721631,0.00048143778825755757
43,10.816620922088623,0.07736496925354004,0.5025,0.9963430589484428,gini,1,9,96,"{'min_samples_split': 9, 'min_samples_leaf': 1, 'n_estimators': 96, 'criterion': 'gini'}",40,0.5086848635235732,0.9960864120225422,0.5102675793403858,0.9956202096042547,0.5087390761548065,0.996092528915286,0.4858757062146893,0.9968784142344311,0.4987389659520807,0.9970377299657001,0.0342606580906903,0.001098898149443302,0.009244382705723319,0.0005329760259024503
44,10.86570725440979,0.07648334503173829,0.49825,0.9967500418197854,gini,1,9,97,"{'min_samples_split': 9, 'min_samples_leaf': 1, 'n_estimators': 97, 'criterion': 'gini'}",77,0.5192307692307693,0.9970256731371321,0.5121344119477287,0.9964023150320663,0.4937578027465668,0.9967177242888403,0.4770872567482737,0.9970344935227096,0.48865069356872637,0.996570003118179,0.013685520536638733,0.000356784672125246,0.015456792584976302,0.00024950257320462675
45,11.011419010162353,0.07802529335021972,0.502,0.9969059644399406,gini,1,9,98,"{'min_samples_split': 9, 'min_samples_leaf': 1, 'n_estimators': 98, 'criterion': 'gini'}",46,0.49193548387096775,0.9960864120225422,0.5208462974486621,0.9968715782887533,0.5037453183520599,0.9976555173491716,0.49026993094789706,0.9970344935227096,0.5031525851197982,0.9968818210165263,0.04334315056338891,0.0009190683556011129,0.010955823680961551,0.0005003560264462111
46,11.232104444503785,0.07935009002685547,0.499375,0.9966876242425817,gini,1,9,99,"{'min_samples_split': 9, 'min_samples_leaf': 1, 'n_estimators': 99, 'criterion': 'gini'}",69,0.5117866004962779,0.9965560425798372,0.5127566894835096,0.996715157203191,0.49625468164794007,0.9970303219756174,0.485247959824231,0.9968784142344311,0.4905422446406053,0.9962581852198317,0.1308998447710226,0.000638075730172428,0.011143068072096864,0.00026695776046734736
47,11.274609756469726,0.0795395851135254,0.500375,0.9969369173939112,gini,1,9,100,"{'min_samples_split': 9, 'min_samples_leaf': 1, 'n_estimators': 100, 'criterion': 'gini'}",63,0.511166253101737,0.9965560425798372,0.5214685749844431,0.996245893946504,0.4975031210986267,0.9971866208190059,0.47394852479598243,0.997190572810988,0.4974779319041614,0.9975054568132211,0.040708119761423744,0.0011811585242722572,0.015975549293178203,0.00046314338412377907
48,7.873468828201294,0.0693814754486084,0.47225,0.8380951854177713,gini,10,2,95,"{'min_samples_split': 2, 'min_samples_leaf': 10, 'n_estimators': 95, 'criterion': 'gini'}",103,0.4795285359801489,0.8373512836568566,0.49284380833851904,0.840137650555295,0.47503121098626716,0.8399499843701157,0.455743879472693,0.8370532230373029,0.45775535939470363,0.8359837854692861,0.04669752046840031,0.0007739875131941514,0.013903927030885168,0.0016558398573705267
49,7.982201433181762,0.0698483943939209,0.46575,0.8404065859083284,gini,10,2,96,"{'min_samples_split': 2, 'min_samples_leaf': 10, 'n_estimators': 96, 'criterion': 'gini'}",148,0.4646401985111663,0.8414214151534126,0.48226509023024267,0.8402940716408572,0.4731585518102372,0.8410440762738356,0.44569993722536094,0.8370532230373029,0.46279949558638084,0.8422201434362332,0.013893348269459387,0.0013690778855340862,0.012157410681715981,0.0017879018583227568
50,8.05068941116333,0.07100763320922851,0.46875,0.8394092095631496,gini,10,2,97,"{'min_samples_split': 2, 'min_samples_leaf': 10, 'n_estimators': 97, 'criterion': 'gini'}",123,0.4683622828784119,0.8420475892298059,0.4940883634100809,0.8434224933521038,0.4681647940074906,0.8366677086589559,0.45511613308223475,0.8373653816138599,0.45775535939470363,0.8375428749610228,0.03857847040683672,0.0007126806092743718,0.013785712856061668,0.0027656376760955954
51,8.137407159805297,0.07057905197143555,0.47175,0.8408136694501991,gini,10,2,98,"{'min_samples_split': 2, 'min_samples_leaf': 10, 'n_estimators': 98, 'criterion': 'gini'}",108,0.47146401985111663,0.8384470882905447,0.5003111387678905,0.8479587048334115,0.4656679151061174,0.8388558924663958,0.4494664155681105,0.8379896987669736,0.4716267339218159,0.8408169628936701,0.04416072946159352,0.0007687951615409813,0.016436718976431675,0.0037002688820512875
52,8.23417887687683,0.07225894927978516,0.47175,0.8397540319595203,gini,10,2,99,"{'min_samples_split': 2, 'min_samples_leaf': 10, 'n_estimators': 99, 'criterion': 'gini'}",108,0.4820099255583127,0.8454915466499687,0.4909769757311761,0.8426403879242922,0.46629213483146065,0.8369803063457332,0.4588826114249843,0.8345559544248479,0.46027742749054223,0.8391019644527596,0.05107416797664527,0.0005189942813940595,0.012668769423109778,0.003908679609507637
53,8.322293710708617,0.07293210029602051,0.470375,0.8406275335577373,gini,10,2,100,"{'min_samples_split': 2, 'min_samples_leaf': 10, 'n_estimators': 100, 'criterion': 'gini'}",117,0.47766749379652607,0.8428303068252975,0.48786558805227137,0.8438917566087909,0.47191011235955055,0.8404188809002814,0.4500941619585687,0.8347120337131262,0.4640605296343001,0.8412846897411912,0.03503776126117173,0.00039685878196821207,0.012745465543011167,0.0031929889065831895
54,7.930626487731933,0.06933073997497559,0.47225,0.8418152118693921,gini,10,3,95,"{'min_samples_split': 3, 'min_samples_leaf': 10, 'n_estimators': 95, 'criterion': 'gini'}",103,0.48635235732009924,0.8467438948027551,0.48599875544492843,0.8413890192397935,0.4731585518102372,0.8405751797436699,0.45134965473948524,0.8400187295145934,0.4640605296343001,0.8403492360461491,0.11364902061147296,0.0012709153256249002,0.013359968105040112,0.002505500718555368
55,7.960432481765747,0.0692622184753418,0.472,0.8387473424299291,gini,10,3,96,"{'min_samples_split': 3, 'min_samples_leaf': 10, 'n_estimators': 96, 'criterion': 'gini'}",106,0.4869727047146402,0.839073262366938,0.4866210329807094,0.8373220710151729,0.4731585518102372,0.8351047202250704,0.45260514752040176,0.8379896987669736,0.46027742749054223,0.8442469597754911,0.05463191487208439,0.0008334122474465247,0.013803245516782508,0.003040596448265176
56,8.058638906478881,0.07095608711242676,0.468,0.8382233040073281,gini,10,3,97,"{'min_samples_split': 3, 'min_samples_leaf': 10, 'n_estimators': 97, 'criterion': 'gini'}",134,0.47208436724565755,0.843143393863494,0.4884878655880523,0.8412325981542312,0.4731585518102372,0.8376055017192872,0.450721908349027,0.833151240830342,0.4552332912988651,0.8359837854692861,0.039407991926661494,0.0007433377218180702,0.013592860005845924,0.0035884838936802613
57,8.140132713317872,0.0715414047241211,0.466,0.8415628218814664,gini,10,3,98,"{'min_samples_split': 3, 'min_samples_leaf': 10, 'n_estimators': 98, 'criterion': 'gini'}",147,0.47332506203473945,0.8439261114589856,0.48599875544492843,0.8434224933521038,0.4681647940074906,0.8377618005626759,0.4500941619585687,0.8373653816138599,0.4520807061790668,0.8453383224197069,0.04527733575525972,0.0004685879893956386,0.013449099855092525,0.003327587347799965
58,8.243233394622802,0.07247409820556641,0.4685,0.8414664292935049,gini,10,3,99,"{'min_samples_split': 3, 'min_samples_leaf': 10, 'n_estimators': 99, 'criterion': 'gini'}",128,0.4658808933002481,0.8409517845961177,0.4835096453018046,0.8409197559831065,0.4769038701622971,0.8390121913097844,0.4538606403013183,0.8400187295145934,0.4621689785624212,0.8464296850639227,0.016057214157811,0.0005289166788850662,0.010554657124294549,0.0025813460614970882
59,8.33391613960266,0.07295284271240235,0.468625,0.8394687626961408,gini,10,3,100,"{'min_samples_split': 3, 'min_samples_leaf': 10, 'n_estimators': 100, 'criterion': 'gini'}",127,0.47270471464019853,0.8426737633061991,0.48537647790914745,0.8360707023306742,0.47253433208489387,0.8393247889965614,0.4588826114249843,0.838145778055252,0.45334174022698615,0.8411287807920175,0.04242342652771662,0.00047450596307396054,0.011313210685397408,0.0022954528974764798
60,7.930539989471436,0.07029213905334472,0.47025,0.8402525920693549,gini,10,4,95,"{'min_samples_split': 4, 'min_samples_leaf': 10, 'n_estimators': 95, 'criterion': 'gini'}",118,0.45781637717121587,0.8442391984971822,0.4953329184816428,0.8435789144376662,0.4781523096129838,0.8351047202250704,0.45323289391086,0.8390822537849227,0.4665825977301387,0.8392578734019333,0.021582805976479637,0.00045571870302654543,0.015177822436181937,0.0033411732298946604
61,7.959945917129517,0.07017045021057129,0.469125,0.8401277234659018,gini,10,4,96,"{'min_samples_split': 4, 'min_samples_leaf': 10, 'n_estimators': 96, 'criterion': 'gini'}",121,0.4683622828784119,0.8428303068252975,0.4891101431238332,0.8440481776943533,0.4737827715355805,0.8385432947796186,0.4613935969868173,0.8343998751365693,0.4527112232030265,0.8408169628936701,0.012470245350388147,0.0007694541042918213,0.01224768707309301,0.0034195797960103074
62,8.071723461151123,0.0714118480682373,0.4685,0.8405941391091709,gini,10,4,97,"{'min_samples_split': 4, 'min_samples_leaf': 10, 'n_estimators': 97, 'criterion': 'gini'}",128,0.47084367245657566,0.8403256105197244,0.48537647790914745,0.8442045987799155,0.47191011235955055,0.8369803063457332,0.45134965473948524,0.8407991259559855,0.46279949558638084,0.8406610539444963,0.03618081415079585,0.00047375779044592854,0.011209798312133144,0.0022897078888833335
63,8.198666906356811,0.07191700935363769,0.46875,0.8399403505527033,gini,10,4,98,"{'min_samples_split': 4, 'min_samples_leaf': 10, 'n_estimators': 98, 'criterion': 'gini'}",123,0.47084367245657566,0.8448653725735754,0.4884878655880523,0.8413890192397935,0.4631710362047441,0.8371366051891216,0.4620213433772756,0.836741064460746,0.45901639344262296,0.8395696913002806,0.04202611335587918,0.00040479597505845515,0.010638220580684607,0.0029862448229987623
64,8.216450405120849,0.07189245223999023,0.466125,0.840465524416822,gini,10,4,99,"{'min_samples_split': 4, 'min_samples_leaf': 10, 'n_estimators': 99, 'criterion': 'gini'}",145,0.47022332506203474,0.8389167188478397,0.48164281269446174,0.8398248083841703,0.4656679151061174,0.8383869959362302,0.4519774011299435,0.838145778055252,0.46090794451450184,0.8470533208606174,0.038358193471044175,0.0008774775135124735,0.00985135362120013,0.0033439462177654263
65,8.289354133605958,0.07279253005981445,0.473,0.8400597871738569,gini,10,4,100,"{'min_samples_split': 4, 'min_samples_leaf': 10, 'n_estimators': 100, 'criterion': 'gini'}",102,0.47084367245657566,0.8382905447714465,0.4891101431238332,0.8374784921007353,0.47752808988764045,0.83948108783995,0.4657878217200251,0.8432963945684407,0.46153846153846156,0.8417524165887121,0.042799350720618023,0.0009318696593362108,0.009673586565561413,0.0021665095252401245
66,7.88913779258728,0.07003397941589355,0.467,0.839470077162067,gini,10,5,95,"{'min_samples_split': 5, 'min_samples_leaf': 10, 'n_estimators': 95, 'criterion': 'gini'}",140,0.46774193548387094,0.8451784596117721,0.4891101431238332,0.8371656499296105,0.46192259675405745,0.8360425132854017,0.44883866917765225,0.8390822537849227,0.4672131147540984,0.839881509198628,0.03335470050338966,0.0007436578318822075,0.013006152116317643,0.0031611356340080442
67,7.9949037551879885,0.07058601379394532,0.466625,0.8412170963982861,gini,10,5,96,"{'min_samples_split': 5, 'min_samples_leaf': 10, 'n_estimators': 96, 'criterion': 'gini'}",141,0.47580645161290325,0.8412648716343143,0.47977598008711886,0.8404504927264195,0.4706616729088639,0.8385432947796186,0.450721908349027,0.8418916809739347,0.4558638083228247,0.8439351418771437,0.017846721149142954,0.0008424041924595071,0.011327339822043724,0.0017653336417644632
68,8.051776695251466,0.07072920799255371,0.471125,0.8387198411527936,gini,10,5,97,"{'min_samples_split': 5, 'min_samples_leaf': 10, 'n_estimators': 97, 'criterion': 'gini'}",112,0.4621588089330025,0.8414214151534126,0.49782202862476665,0.8415454403253558,0.4762796504369538,0.8340106283213504,0.45511613308223475,0.8359606680193539,0.4640605296343001,0.8406610539444963,0.026139664000267814,0.0009263781107669995,0.015020528177135737,0.003125397310410308
69,8.145535278320313,0.07166342735290528,0.465375,0.8420022928755138,gini,10,5,98,"{'min_samples_split': 5, 'min_samples_leaf': 10, 'n_estimators': 98, 'criterion': 'gini'}",150,0.4640198511166253,0.843143393863494,0.48724331051649034,0.8487408102612232,0.47191011235955055,0.8379180994060644,0.4438166980539862,0.8373653816138599,0.45964691046658257,0.842843779232928,0.013630446997566248,0.0006499250479034311,0.014284099410598362,0.004137617905421835
70,8.218063068389892,0.07182440757751465,0.472125,0.8401220335542486,gini,10,5,99,"{'min_samples_split': 5, 'min_samples_leaf': 10, 'n_estimators': 99, 'criterion': 'gini'}",105,0.47642679900744417,0.8381340012523482,0.49284380833851904,0.8368528077584858,0.4794007490636704,0.8407314785870583,0.4450721908349027,0.8423599188387701,0.4665825977301387,0.8425319613345806,0.024391224042700374,0.000977436627663707,0.015886447624357754,0.002272769915243999
71,8.29227547645569,0.07221550941467285,0.471625,0.8399711303241981,gini,10,5,100,"{'min_samples_split': 5, 'min_samples_leaf': 10, 'n_estimators': 100, 'criterion': 'gini'}",110,0.47766749379652607,0.8406386975579211,0.4909769757311761,0.8484279680900986,0.46629213483146065,0.8330728352610192,0.4595103578154426,0.8387700952083659,0.4634300126103405,0.8389460555035859,0.031026865539964314,0.0008318056427534617,0.011437575047996067,0.004940515955369341
72,7.904271841049194,0.07048621177673339,0.4705,0.8399678354094903,gini,10,6,95,"{'min_samples_split': 6, 'min_samples_leaf': 10, 'n_estimators': 95, 'criterion': 'gini'}",115,0.47890818858560796,0.8418910457107076,0.48288736776602365,0.8376349131862975,0.47503121098626716,0.8368240075023445,0.4576271186440678,0.8428281567036054,0.45775535939470363,0.8406610539444963,0.048885586074180386,0.0011491340276778255,0.010694805673510816,0.002353164155547519
73,8.009179830551147,0.07041282653808593,0.46825,0.8390938514988576,gini,10,6,96,"{'min_samples_split': 6, 'min_samples_leaf': 10, 'n_estimators': 96, 'criterion': 'gini'}",131,0.4696029776674938,0.838603631809643,0.48413192283758555,0.8385734396996715,0.4781523096129838,0.8416692716473898,0.45511613308223475,0.8370532230373029,0.45397225725094575,0.8395696913002806,0.04649558795624812,0.0006277940020085268,0.012059648267990206,0.0015188496147161383
74,8.06367540359497,0.0703270435333252,0.4675,0.8390599260006824,gini,10,6,97,"{'min_samples_split': 6, 'min_samples_leaf': 10, 'n_estimators': 97, 'criterion': 'gini'}",137,0.46153846153846156,0.8331246086412022,0.4897324206596142,0.8429532300954169,0.4706616729088639,0.8393247889965614,0.4519774011299435,0.8370532230373029,0.4634300126103405,0.842843779232928,0.024813247370615417,0.001102624278020505,0.012637839506689426,0.003709457194922751
75,8.135435724258423,0.07132887840270996,0.47575,0.8398423014848536,gini,10,6,98,"{'min_samples_split': 6, 'min_samples_leaf': 10, 'n_estimators': 98, 'criterion': 'gini'}",97,0.4813895781637717,0.8371947401377583,0.49657747355320475,0.8410761770686689,0.4756554307116105,0.8405751797436699,0.44883866917765225,0.8376775401904167,0.4760403530895334,0.8426878702837542,0.034662274234660354,0.0005294235162282587,0.015419913251257635,0.0020905785723757462
76,8.236241436004638,0.07200007438659668,0.469625,0.8396575204271709,gini,10,6,99,"{'min_samples_split': 6, 'min_samples_leaf': 10, 'n_estimators': 99, 'criterion': 'gini'}",119,0.47580645161290325,0.8403256105197244,0.48413192283758555,0.8421711246676051,0.4656679151061174,0.8385432947796186,0.45699937225360954,0.8379896987669736,0.46532156368221944,0.8392578734019333,0.029842146311571158,0.000810079103097439,0.009408646435643422,0.0014796889050043564
77,8.328026533126831,0.07215318679809571,0.471375,0.8417495700252896,gini,10,6,100,"{'min_samples_split': 6, 'min_samples_leaf': 10, 'n_estimators': 100, 'criterion': 'gini'}",111,0.47084367245657566,0.841577958672511,0.48724331051649034,0.8471765994055999,0.47503121098626716,0.8354173179118475,0.45511613308223475,0.8386140159200874,0.46847414880201765,0.8459619582164017,0.04854070596112859,0.000947985977114713,0.010374097153617362,0.004408070530257352
78,7.861006784439087,0.06941432952880859,0.46775,0.8390925125261777,gini,10,7,95,"{'min_samples_split': 7, 'min_samples_leaf': 10, 'n_estimators': 95, 'criterion': 'gini'}",136,0.478287841191067,0.8400125234815279,0.4866210329807094,0.8373220710151729,0.46878901373283394,0.8385432947796186,0.44130571249215317,0.8365849851724676,0.4634300126103405,0.8429996881821017,0.030497887327881383,0.0016175651228117094,0.015397231135701137,0.0022731580882480794
79,7.962912750244141,0.06952857971191406,0.469125,0.8401563614369945,gini,10,7,96,"{'min_samples_split': 7, 'min_samples_leaf': 10, 'n_estimators': 96, 'criterion': 'gini'}",121,0.4665012406947891,0.8387601753287414,0.4835096453018046,0.8406069138119818,0.47440699126092384,0.8408877774304471,0.4576271186440678,0.8428281567036054,0.4634300126103405,0.8376987839101964,0.03164677948861974,0.001005646966539244,0.009016266691453882,0.001781318595528148
80,8.02033634185791,0.06957502365112304,0.468,0.8376883618245057,gini,10,7,97,"{'min_samples_split': 7, 'min_samples_leaf': 10, 'n_estimators': 97, 'criterion': 'gini'}",134,0.47270471464019853,0.8378209142141515,0.4791537025513379,0.8407633348975442,0.4762796504369538,0.8366677086589559,0.4494664155681105,0.8342437958482909,0.4621689785624212,0.8389460555035859,0.041619014158649395,0.0004106331132935475,0.010877336741931792,0.0021891363856623622
81,8.104387140274047,0.0702235221862793,0.47075,0.8404685385358679,gini,10,7,98,"{'min_samples_split': 7, 'min_samples_leaf': 10, 'n_estimators': 98, 'criterion': 'gini'}",113,0.47332506203473945,0.8461177207263619,0.48102053515868076,0.8360707023306742,0.4706616729088639,0.8374492028758987,0.46641556811048335,0.8386140159200874,0.4621689785624212,0.8440910508263174,0.03373412262154189,0.00039661007383184584,0.006392630286056991,0.003922561917001903
82,8.208191967010498,0.07188844680786133,0.4705,0.8416886480615358,gini,10,7,99,"{'min_samples_split': 7, 'min_samples_leaf': 10, 'n_estimators': 99, 'criterion': 'gini'}",115,0.4646401985111663,0.841577958672511,0.4903546981953951,0.8451431252932895,0.4756554307116105,0.8410440762738356,0.46264908976773383,0.838457936631809,0.45901639344262296,0.8422201434362332,0.03211884614888698,0.0008838131770453635,0.011394969559697342,0.002148540041541627
83,8.326064729690552,0.07273306846618652,0.46875,0.8413117307642027,gini,10,7,100,"{'min_samples_split': 7, 'min_samples_leaf': 10, 'n_estimators': 100, 'criterion': 'gini'}",123,0.47084367245657566,0.839073262366938,0.4897324206596142,0.8470201783200375,0.4737827715355805,0.8379180994060644,0.44758317639673567,0.836741064460746,0.46153846153846156,0.8458060492672279,0.05718765038149214,0.000422039369671005,0.013925447327596624,0.004247440107226882
84,7.910356712341309,0.0697099208831787,0.47375,0.8393442879193012,gini,10,8,95,"{'min_samples_split': 8, 'min_samples_leaf': 10, 'n_estimators': 95, 'criterion': 'gini'}",98,0.4807692307692308,0.8404821540388228,0.48724331051649034,0.8388862818707962,0.4812734082397004,0.8401062832135042,0.45323289391086,0.8372093023255814,0.46595208070617905,0.8400374181478016,0.03829244498612161,0.0004664261483141321,0.012398088455897353,0.0011936279716780929
85,7.994553279876709,0.07220954895019531,0.47325,0.8367813855941311,gini,10,8,96,"{'min_samples_split': 8, 'min_samples_leaf': 10, 'n_estimators': 96, 'criterion': 'gini'}",101,0.4745657568238213,0.8379774577332498,0.48724331051649034,0.8409197559831065,0.4762796504369538,0.8311972491403564,0.45448838669177655,0.8333073201186203,0.4735182849936948,0.8405051449953227,0.052033438856077384,0.004621163120648857,0.010565352473663886,0.0038903674114098494
86,8.086119604110717,0.07078719139099121,0.469375,0.8416877250637889,gini,10,8,97,"{'min_samples_split': 8, 'min_samples_leaf': 10, 'n_estimators': 97, 'criterion': 'gini'}",120,0.4658808933002481,0.841577958672511,0.48288736776602365,0.8418582824964805,0.4737827715355805,0.8432322600812754,0.45825486503452606,0.8390822537849227,0.46595208070617905,0.8426878702837542,0.036004755477439754,0.001268011392511377,0.008365001251469332,0.0014293703484232862
87,8.132508945465087,0.07102127075195312,0.468375,0.8386251710056787,gini,10,8,98,"{'min_samples_split': 8, 'min_samples_leaf': 10, 'n_estimators': 98, 'criterion': 'gini'}",130,0.4745657568238213,0.8400125234815279,0.4909769757311761,0.8399812294697325,0.46691635455680397,0.8343232260081276,0.44883866917765225,0.8400187295145934,0.46027742749054223,0.8387901465544121,0.02390751138017903,0.0006891883911534716,0.014133809468468858,0.002201799012697595
88,8.219237089157104,0.07133274078369141,0.470625,0.8412526285303562,gini,10,8,99,"{'min_samples_split': 8, 'min_samples_leaf': 10, 'n_estimators': 99, 'criterion': 'gini'}",114,0.4857320099255583,0.8407952410770195,0.47977598008711886,0.8463944939777883,0.47191011235955055,0.8410440762738356,0.46076585059635905,0.8400187295145934,0.4546027742749054,0.8380106018085438,0.03421140255788129,0.000914433483979222,0.011549344963218635,0.0027829740082045995
89,8.31903133392334,0.07264542579650879,0.47375,0.8411916291372963,gini,10,8,100,"{'min_samples_split': 8, 'min_samples_leaf': 10, 'n_estimators': 100, 'criterion': 'gini'}",98,0.47766749379652607,0.843143393863494,0.49346608587429996,0.8476458626622869,0.46941323345817726,0.83948108783995,0.4613935969868173,0.8373653816138599,0.4665825977301387,0.8383224197068911,0.04776883658865737,0.0006689301368003973,0.011204039382113552,0.0037753145653732986
90,7.884410667419433,0.06871194839477539,0.468125,0.8398755396444084,gini,10,9,95,"{'min_samples_split': 9, 'min_samples_leaf': 10, 'n_estimators': 95, 'criterion': 'gini'}",132,0.47270471464019853,0.8423606762680025,0.48226509023024267,0.844361019865478,0.46878901373283394,0.8336980306345732,0.448210922787194,0.8337755579834556,0.46847414880201765,0.8451824134705332,0.025876260047335536,0.0010505371532577587,0.011111667446783493,0.005095679355856292
91,8.002818632125855,0.07064366340637207,0.46725,0.8389705207898002,gini,10,9,96,"{'min_samples_split': 9, 'min_samples_leaf': 10, 'n_estimators': 96, 'criterion': 'gini'}",138,0.4683622828784119,0.8420475892298059,0.4891101431238332,0.8431096511809792,0.4712858926342072,0.8340106283213504,0.4500941619585687,0.8345559544248479,0.457124842370744,0.8411287807920175,0.058940928096464354,0.00037435063740968777,0.013357908942100418,0.003881952248701303
92,8.09862561225891,0.0715827465057373,0.466125,0.839376118215607,gini,10,9,97,"{'min_samples_split': 9, 'min_samples_leaf': 10, 'n_estimators': 97, 'criterion': 'gini'}",145,0.46774193548387094,0.8396994364433312,0.48288736776602365,0.8435789144376662,0.47253433208489387,0.8349484213816818,0.44883866917765225,0.8407991259559855,0.4583858764186633,0.8378546928593701,0.016727026108726267,0.0007069726936423589,0.011686326133174257,0.0028883287956000714
93,8.178384923934937,0.07168445587158204,0.46875,0.8411863104971502,gini,10,9,98,"{'min_samples_split': 9, 'min_samples_leaf': 10, 'n_estimators': 98, 'criterion': 'gini'}",123,0.4609181141439206,0.8401690670006262,0.4909769757311761,0.8417018614109182,0.47503121098626716,0.8421381681775555,0.4494664155681105,0.8358045887310754,0.4672131147540984,0.8461178671655754,0.019486410952001904,0.0006455172986087049,0.01392890789390114,0.003331359796268946
94,8.20831561088562,0.07142882347106934,0.471875,0.8406884822173257,gini,10,9,99,"{'min_samples_split': 9, 'min_samples_leaf': 10, 'n_estimators': 99, 'criterion': 'gini'}",107,0.4813895781637717,0.8423606762680025,0.4909769757311761,0.8438917566087909,0.47191011235955055,0.8369803063457332,0.4538606403013183,0.8378336194786952,0.46090794451450184,0.8423760523854069,0.01837148057250292,0.0007121046176520968,0.013416486261122032,0.002749760076567236
95,8.33571753501892,0.07322993278503417,0.473375,0.8428749579155962,gini,10,9,100,"{'min_samples_split': 9, 'min_samples_leaf': 10, 'n_estimators': 100, 'criterion': 'gini'}",100,0.47270471464019853,0.8440826549780839,0.4984443061605476,0.8459252307211012,0.48501872659176026,0.838074398249453,0.4438166980539862,0.8400187295145934,0.4665825977301387,0.846273776114749,0.03858538238121287,0.0014211736498243698,0.018346781722888512,0.003271637978766372
96,60.66357307434082,0.08339471817016601,0.498625,1.0,entropy,1,2,95,"{'min_samples_split': 2, 'min_samples_leaf': 1, 'n_estimators': 95, 'criterion': 'entropy'}",76,0.5080645161290323,1.0,0.5133789670192906,1.0,0.5124843945068664,1.0,0.4726930320150659,1.0,0.48612862547288777,1.0,0.24204464170749626,0.0017093582827280116,0.016279099858678463,0.0
97,61.38404784202576,0.08392109870910644,0.50125,1.0,entropy,1,2,96,"{'min_samples_split': 2, 'min_samples_leaf': 1, 'n_estimators': 96, 'criterion': 'entropy'}",54,0.5093052109181141,1.0,0.5121344119477287,1.0,0.5012484394506866,1.0,0.49403640929064657,1.0,0.489281210592686,1.0,0.17973326893245797,0.0007531041537623752,0.00869676381849155,0.0
98,61.94524621963501,0.08545393943786621,0.497875,1.0,entropy,1,2,97,"{'min_samples_split': 2, 'min_samples_leaf': 1, 'n_estimators': 97, 'criterion': 'entropy'}",81,0.49069478908188585,1.0,0.5115121344119478,1.0,0.5006242197253433,1.0,0.48085373509102325,1.0,0.5056746532156369,1.0,0.18152516047214431,0.001176631427403744,0.010909198118919036,0.0
99,62.585673093795776,0.08602309226989746,0.49975,1.0,entropy,1,2,98,"{'min_samples_split': 2, 'min_samples_leaf': 1, 'n_estimators': 98, 'criterion': 'entropy'}",68,0.4968982630272953,1.0,0.5276913503422527,1.0,0.5024968789013733,1.0,0.48462021343377276,1.0,0.48675914249684743,1.0,0.19922294557902728,0.0009302448311960662,0.015460126410940309,0.0
100,63.17339401245117,0.08526730537414551,0.50175,1.0,entropy,1,2,99,"{'min_samples_split': 2, 'min_samples_leaf': 1, 'n_estimators': 99, 'criterion': 'entropy'}",51,0.5086848635235732,1.0,0.522090852520224,1.0,0.5006242197253433,1.0,0.4858757062146893,1.0,0.4911727616645649,1.0,0.13468424687391448,0.0006921320671074632,0.01286135451842507,0.0
101,63.963449811935426,0.08835434913635254,0.501125,1.0,entropy,1,2,100,"{'min_samples_split': 2, 'min_samples_leaf': 1, 'n_estimators': 100, 'criterion': 'entropy'}",56,0.5037220843672456,1.0,0.5214685749844431,1.0,0.5,1.0,0.485247959824231,1.0,0.49495586380832285,1.0,0.19506070832471553,0.000994431289349699,0.011936809544591205,0.0
102,60.4022629737854,0.08249316215515137,0.49675,0.9999687841423442,entropy,1,3,95,"{'min_samples_split': 3, 'min_samples_leaf': 1, 'n_estimators': 95, 'criterion': 'entropy'}",88,0.4956575682382134,1.0,0.5208462974486621,1.0,0.49812734082397003,1.0,0.4821092278719397,0.9998439207117216,0.48675914249684743,1.0,0.13264280201127898,0.0010580512142665554,0.013406206480613261,6.243171531137292e-05
103,61.10954241752624,0.08299269676208496,0.500875,1.0,entropy,1,3,96,"{'min_samples_split': 3, 'min_samples_leaf': 1, 'n_estimators': 96, 'criterion': 'entropy'}",58,0.510545905707196,1.0,0.5189794648413192,1.0,0.5024968789013733,1.0,0.48650345260514755,1.0,0.4854981084489281,1.0,0.16219153005480516,0.001016853116738718,0.013161192313730741,0.0
104,61.77677001953125,0.08325080871582032,0.50325,0.9999688182101651,entropy,1,3,97,"{'min_samples_split': 3, 'min_samples_leaf': 1, 'n_estimators': 97, 'criterion': 'entropy'}",30,0.5018610421836228,1.0,0.5208462974486621,1.0,0.5031210986267166,1.0,0.49026993094789706,1.0,0.5,0.9998440910508263,0.19369835725324258,0.00119604654242613,0.009911203600737812,6.23635796694888e-05
105,62.243823289871216,0.08436732292175293,0.50225,0.9999687841423442,entropy,1,3,98,"{'min_samples_split': 3, 'min_samples_leaf': 1, 'n_estimators': 98, 'criterion': 'entropy'}",42,0.511166253101737,1.0,0.5183571873055383,1.0,0.49313358302122345,1.0,0.4971751412429379,0.9998439207117216,0.4911727616645649,1.0,0.14946389616037842,0.0010273134091942603,0.010687921741468607,6.243171531137292e-05
106,63.07885084152222,0.08582892417907714,0.50425,1.0,entropy,1,3,99,"{'min_samples_split': 3, 'min_samples_leaf': 1, 'n_estimators': 99, 'criterion': 'entropy'}",21,0.5018610421836228,1.0,0.5388923459863099,1.0,0.5056179775280899,1.0,0.4858757062146893,1.0,0.48865069356872637,1.0,0.17670855027990653,0.001700356681310912,0.01892254169760387,0.0
107,63.62205772399902,0.08732767105102539,0.5035,1.0,entropy,1,3,100,"{'min_samples_split': 3, 'min_samples_leaf': 1, 'n_estimators': 100, 'criterion': 'entropy'}",29,0.5068238213399504,1.0,0.5196017423771002,1.0,0.5049937578027466,1.0,0.4915254237288136,1.0,0.4943253467843632,1.0,0.3155404940427491,0.0008844374710561753,0.009999660248239887,0.0
108,60.11803183555603,0.07929701805114746,0.500375,0.9998123970480581,entropy,1,4,95,"{'min_samples_split': 4, 'min_samples_leaf': 1, 'n_estimators': 95, 'criterion': 'entropy'}",63,0.5,0.9996869129618033,0.5052893590541382,0.9998435789144376,0.5031210986267166,0.9996874023132228,0.5003138731952291,1.0,0.4930643127364439,0.9998440910508263,0.19403493200251684,0.0008044216063250746,0.004121430904286902,0.00011708255704367296
109,60.810132312774655,0.07975540161132813,0.498,0.9997811521849738,entropy,1,4,96,"{'min_samples_split': 4, 'min_samples_leaf': 1, 'n_estimators': 96, 'criterion': 'entropy'}",80,0.5068238213399504,1.0,0.5158680771624145,0.999530736743313,0.49812734082397003,0.9995311034698343,0.4745762711864407,0.9998439207117216,0.4943253467843632,1.0,0.14193766380229764,0.0009404248222002585,0.013847603022721103,0.00021211358919155722
110,61.27605881690979,0.08082046508789062,0.495,0.999718876389076,entropy,1,4,97,"{'min_samples_split': 4, 'min_samples_leaf': 1, 'n_estimators': 97, 'criterion': 'entropy'}",93,0.4987593052109181,0.9998434564809017,0.5140012445550716,0.9998435789144376,0.49625468164794007,0.9996874023132228,0.47834274952919015,0.9995317621351647,0.48738965952080704,0.9996881821016527,0.15528959747114915,0.0008412885238734412,0.011934002121074231,0.00011663225956731093
111,62.030015516281125,0.08165163993835449,0.501875,0.999874838644843,entropy,1,4,98,"{'min_samples_split': 4, 'min_samples_leaf': 1, 'n_estimators': 98, 'criterion': 'entropy'}",48,0.5093052109181141,0.9998434564809017,0.5115121344119478,0.999530736743313,0.5131086142322098,1.0,0.480225988700565,1.0,0.49495586380832285,1.0,0.15775072101246376,0.0009483236582205541,0.012564548314278801,0.00018242097101176492
112,62.61762924194336,0.08312001228332519,0.50125,0.9997813081043873,entropy,1,4,99,"{'min_samples_split': 4, 'min_samples_leaf': 1, 'n_estimators': 99, 'criterion': 'entropy'}",54,0.5086848635235732,0.9998434564809017,0.5208462974486621,0.9998435789144376,0.4968789013732834,0.9996874023132228,0.49026993094789706,0.9998439207117216,0.489281210592686,0.9996881821016527,0.13952573845676433,0.0010490947471582133,0.012021231411682211,7.635595993037851e-05
113,63.284297466278076,0.08392543792724609,0.5015,0.9997499653710191,entropy,1,4,100,"{'min_samples_split': 4, 'min_samples_leaf': 1, 'n_estimators': 100, 'criterion': 'entropy'}",53,0.5,0.9998434564809017,0.5177349097697573,0.999530736743313,0.5024968789013733,0.9998437011566115,0.4990583804143126,0.9996878414234431,0.4880201765447667,0.9998440910508263,0.16823237387299553,0.0006655405059915418,0.009529306894204987,0.00012514567894670266
114,59.692372989654544,0.07815995216369628,0.50275,0.9991252276555166,entropy,1,5,95,"{'min_samples_split': 5, 'min_samples_leaf': 1, 'n_estimators': 95, 'criterion': 'entropy'}",39,0.510545905707196,0.9993738259236068,0.5189794648413192,0.9992178945721883,0.5037453183520599,0.9992185057830572,0.49026993094789706,0.9987513656937724,0.48991172761664564,0.9990645463049579,0.08283018789002734,0.002002339223193915,0.0113597667957808,0.00021097111563680616
115,60.32736539840698,0.07899260520935059,0.506125,0.9990625419266929,entropy,1,5,96,"{'min_samples_split': 5, 'min_samples_leaf': 1, 'n_estimators': 96, 'criterion': 'entropy'}",9,0.5049627791563276,0.9992172824045085,0.5289359054138145,0.9987486313155013,0.4975031210986267,0.9993748046264458,0.49968612680477087,0.9989074449820509,0.49936948297604034,0.9990645463049579,0.14320684269732264,0.0015659209363015913,0.011704015359162333,0.00022093055955198587
116,60.98262991905212,0.0792088508605957,0.499125,0.9992185189732359,entropy,1,5,97,"{'min_samples_split': 5, 'min_samples_leaf': 1, 'n_estimators': 97, 'criterion': 'entropy'}",72,0.48635235732009924,0.9990607388854101,0.5252022401991289,0.999061473486626,0.4868913857677903,0.9992185057830572,0.49591964846202136,0.9992196035586077,0.5012610340479193,0.999532273152479,0.08484807045613688,0.001059541285910783,0.014226467933888414,0.00017204691364318834
117,61.645446109771726,0.07957944869995118,0.50375,0.9991562971366001,entropy,1,5,98,"{'min_samples_split': 5, 'min_samples_leaf': 1, 'n_estimators': 98, 'criterion': 'entropy'}",24,0.5031017369727047,0.9992172824045085,0.522090852520224,0.9993743156577507,0.5062421972534332,0.9989059080962801,0.49403640929064657,0.9990635242703293,0.4930643127364439,0.9992204552541316,0.10390136821427712,0.0011137794146642524,0.010503586253655123,0.00015916596290677635
118,62.21576948165894,0.08072438240051269,0.503625,0.9993750670110557,entropy,1,5,99,"{'min_samples_split': 5, 'min_samples_leaf': 1, 'n_estimators': 99, 'criterion': 'entropy'}",27,0.5198511166253101,0.9993738259236068,0.5171126322339763,0.999530736743313,0.49875156054931336,0.9993748046264458,0.49026993094789706,0.9992196035586077,0.4918032786885246,0.9993763642033052,0.1138619054309274,0.0009052542103050229,0.012552780791036007,9.839231925266379e-05
119,62.92254791259766,0.08203263282775879,0.50075,0.9993125957179012,entropy,1,5,100,"{'min_samples_split': 5, 'min_samples_leaf': 1, 'n_estimators': 100, 'criterion': 'entropy'}",61,0.5117866004962779,0.9990607388854101,0.5177349097697573,0.999530736743313,0.4968789013732834,0.9995311034698343,0.48085373509102325,0.9995317621351647,0.4962168978562421,0.9989086373557842,0.13710053440278722,0.0007969089046385913,0.012976688346739726,0.00027202179525744773
120,59.33217802047729,0.07763590812683105,0.495375,0.998624650255713,entropy,1,6,95,"{'min_samples_split': 6, 'min_samples_leaf': 1, 'n_estimators': 95, 'criterion': 'entropy'}",92,0.5,0.9982780212899186,0.5208462974486621,0.9982793680588143,0.49313358302122345,0.9987496092528916,0.47394852479598243,0.9990635242703293,0.48865069356872637,0.9987527284066106,0.13543616998575053,0.0007957127063364746,0.015363024962659427,0.0003046311211421095
121,60.00326042175293,0.07790088653564453,0.503,0.9985938249449406,entropy,1,6,96,"{'min_samples_split': 6, 'min_samples_leaf': 1, 'n_estimators': 96, 'criterion': 'entropy'}",35,0.5018610421836228,0.9985911083281153,0.5164903546981954,0.998592210229939,0.5006242197253433,0.9987496092528916,0.49403640929064657,0.998595286405494,0.501891551071879,0.9984409105082632,0.21781545052832757,0.0014055859626630432,0.007361474977313337,9.763575034441617e-05
122,60.54087920188904,0.07771410942077636,0.49725,0.998343262429947,entropy,1,6,97,"{'min_samples_split': 6, 'min_samples_leaf': 1, 'n_estimators': 97, 'criterion': 'entropy'}",84,0.5093052109181141,0.9970256731371321,0.5115121344119478,0.9989050524010636,0.4943820224719101,0.9985933104095029,0.49466415568110483,0.9987513656937724,0.4760403530895334,0.9984409105082632,0.14479855767033128,0.0012307873014312776,0.012739876900179872,0.0006767949363598365
123,61.21796011924744,0.08124279975891113,0.502125,0.9987814084725677,entropy,1,6,98,"{'min_samples_split': 6, 'min_samples_leaf': 1, 'n_estimators': 98, 'criterion': 'entropy'}",45,0.5117866004962779,0.9990607388854101,0.522090852520224,0.998592210229939,0.4943820224719101,0.9989059080962801,0.4921531701192718,0.9987513656937724,0.48991172761664564,0.9985968194574368,0.17977081381883683,0.004093821782339558,0.012659508300546348,0.0001812717760280135
124,61.86919651031494,0.08008999824523926,0.497125,0.9983117882638723,entropy,1,6,99,"{'min_samples_split': 6, 'min_samples_leaf': 1, 'n_estimators': 99, 'criterion': 'entropy'}",85,0.4975186104218362,0.9973387601753287,0.5283136278780336,0.998122946973252,0.484394506866417,0.9985933104095029,0.4858757062146893,0.998595286405494,0.489281210592686,0.9989086373557842,0.16235863565787054,0.0013547061186525418,0.01628735700319648,0.0005474119924585747
125,62.50709581375122,0.08144001960754395,0.501875,0.9986251389349675,entropy,1,6,100,"{'min_samples_split': 6, 'min_samples_leaf': 1, 'n_estimators': 100, 'criterion': 'entropy'}",48,0.5024813895781638,0.9990607388854101,0.5295581829495956,0.9984357891443767,0.50187265917603,0.9985933104095029,0.4883866917765223,0.9982831278289371,0.48675914249684743,0.9987527284066106,0.17600066144760346,0.0007289736291814553,0.015347379400271716,0.00026827761180461075
126,58.925400257110596,0.0760880947113037,0.49625,0.9974369430412107,entropy,1,7,95,"{'min_samples_split': 7, 'min_samples_leaf': 1, 'n_estimators': 95, 'criterion': 'entropy'}",91,0.5099255583126551,0.9971822166562304,0.5133789670192906,0.996715157203191,0.4818976279650437,0.9976555173491716,0.48650345260514755,0.9975027313875449,0.489281210592686,0.9981290926099158,0.07531077644797,0.0009698078968336293,0.012900197197352397,0.00047265932493572096
127,59.56435589790344,0.07626748085021973,0.498125,0.9972498522256575,entropy,1,7,96,"{'min_samples_split': 7, 'min_samples_leaf': 1, 'n_estimators': 96, 'criterion': 'entropy'}",78,0.4956575682382134,0.9968691296180339,0.5171126322339763,0.9973408415454403,0.4968789013732834,0.9973429196623945,0.4921531701192718,0.9975027313875449,0.48865069356872637,0.9971936389148737,0.14523425222097464,0.0012352175056611952,0.009942634152806688,0.00021400846472848482
128,60.229728841781615,0.07732977867126464,0.498125,0.9975941064484551,entropy,1,7,97,"{'min_samples_split': 7, 'min_samples_leaf': 1, 'n_estimators': 97, 'criterion': 'entropy'}",78,0.5055831265508685,0.9984345648090169,0.5158680771624145,0.997184420459878,0.5,0.9976555173491716,0.485247959824231,0.997190572810988,0.48360655737704916,0.9975054568132211,0.2695022543633349,0.0009377833670745536,0.012245721492253312,0.0004579699374841218
129,60.86451454162598,0.07840070724487305,0.500625,0.9974376461561345,entropy,1,7,98,"{'min_samples_split': 7, 'min_samples_leaf': 1, 'n_estimators': 98, 'criterion': 'entropy'}",62,0.5031017369727047,0.9978083907326236,0.5171126322339763,0.9973408415454403,0.5043695380774033,0.997499218505783,0.4839924670433145,0.9968784142344311,0.4943253467843632,0.9976613657623947,0.14908814826127995,0.000715306369260977,0.011027419276375957,0.00032043864697200904
130,61.50724492073059,0.07949533462524414,0.497875,0.9975629192575959,entropy,1,7,99,"{'min_samples_split': 7, 'min_samples_leaf': 1, 'n_estimators': 99, 'criterion': 'entropy'}",81,0.5086848635235732,0.9976518472135254,0.5164903546981954,0.9982793680588143,0.49313358302122345,0.9973429196623945,0.482736974262398,0.9975027313875449,0.4880201765447667,0.9970377299657001,0.2725356484559974,0.0003744986149019827,0.01274920550971821,0.000412080880416757
131,62.04785318374634,0.08010759353637695,0.49475,0.9974685345018839,entropy,1,7,100,"{'min_samples_split': 7, 'min_samples_leaf': 1, 'n_estimators': 100, 'criterion': 'entropy'}",94,0.4993796526054591,0.9970256731371321,0.5158680771624145,0.997653683716565,0.49001248439450684,0.997499218505783,0.4858757062146893,0.9975027313875449,0.4823455233291299,0.9976613657623947,0.11386441798794643,0.0006515513224392604,0.012024342610293998,0.0002322504037461592
132,58.60179357528686,0.07419586181640625,0.501,0.9962496445827913,entropy,1,8,95,"{'min_samples_split': 8, 'min_samples_leaf': 1, 'n_estimators': 95, 'criterion': 'entropy'}",57,0.5018610421836228,0.995460237946149,0.5245799626633478,0.9959330517753793,0.5,0.9970303219756174,0.4921531701192718,0.9967223349461527,0.48612862547288777,0.996102276270658,0.12327949896087027,0.0005847826395015351,0.013094594614089239,0.0005617837011493604
133,59.30277314186096,0.0746068000793457,0.500125,0.9962807832810388,entropy,1,8,96,"{'min_samples_split': 8, 'min_samples_leaf': 1, 'n_estimators': 96, 'criterion': 'entropy'}",66,0.5043424317617866,0.995929868503444,0.522090852520224,0.9965587361176287,0.4887640449438202,0.9951547358549546,0.4978028876333961,0.997190572810988,0.48738965952080704,0.996570003118179,0.24395163865314684,0.0006727334253525059,0.012632503615073053,0.0006898908419879426
134,59.82461113929749,0.07582817077636719,0.499125,0.9959993623845724,entropy,1,8,97,"{'min_samples_split': 8, 'min_samples_leaf': 1, 'n_estimators': 97, 'criterion': 'entropy'}",72,0.5,0.9963994990607389,0.5183571873055383,0.9946816830908807,0.4937578027465668,0.9956236323851203,0.49278091650973005,0.9964101763695957,0.4905422446406053,0.9968818210165263,0.13094652160213546,0.0007143123381503369,0.010141004564247663,0.0007726658372836878
135,60.43625574111938,0.07674989700317383,0.501875,0.9965312961504533,entropy,1,8,98,"{'min_samples_split': 8, 'min_samples_leaf': 1, 'n_estimators': 98, 'criterion': 'entropy'}",48,0.5018610421836228,0.9963994990607389,0.5164903546981954,0.996715157203191,0.5074906367041199,0.9967177242888403,0.4821092278719397,0.9962540970813173,0.5012610340479193,0.996570003118179,0.1876701122471745,0.0013681664534987762,0.011273582173870256,0.00018125582122175023
136,61.000201082229616,0.07777156829833984,0.497125,0.9963747771563346,entropy,1,8,99,"{'min_samples_split': 8, 'min_samples_leaf': 1, 'n_estimators': 99, 'criterion': 'entropy'}",85,0.5049627791563276,0.995929868503444,0.5158680771624145,0.996245893946504,0.5006242197253433,0.9968740231322288,0.47834274952919015,0.9962540970813173,0.4854981084489281,0.996570003118179,0.14569316171899244,0.0016301173502099814,0.013507202095248711,0.00032139632615324433
137,61.61212134361267,0.07779593467712402,0.497625,0.9958442387475271,entropy,1,8,100,"{'min_samples_split': 8, 'min_samples_leaf': 1, 'n_estimators': 100, 'criterion': 'entropy'}",83,0.5031017369727047,0.9962429555416406,0.5096453018046049,0.996245893946504,0.4950062421972534,0.9954673335417318,0.4896421845574388,0.9962540970813173,0.4905422446406053,0.9950109136264421,0.12307869802487502,0.0008437811083513737,0.007686076782485096,0.000514737627561353
138,58.260110235214235,0.07390823364257812,0.492125,0.9931873197613257,entropy,1,9,95,"{'min_samples_split': 9, 'min_samples_leaf': 1, 'n_estimators': 95, 'criterion': 'entropy'}",96,0.5024813895781638,0.993894802755166,0.5121344119477287,0.9923353668074456,0.4769038701622971,0.9923413566739606,0.4839924670433145,0.9942250663336976,0.4848675914249685,0.993140006236358,0.14121995802602866,0.0005790931704658022,0.01311653675463062,0.0007773243963104281
139,58.913115692138675,0.0757556438446045,0.496875,0.9940309542840449,entropy,1,9,96,"{'min_samples_split': 9, 'min_samples_leaf': 1, 'n_estimators': 96, 'criterion': 'entropy'}",87,0.4993796526054591,0.9943644333124608,0.5183571873055383,0.992961051149695,0.4918851435705368,0.9942169427946234,0.48650345260514755,0.9942250663336976,0.4880201765447667,0.9943872778297475,0.0862128156944961,0.00116681323226501,0.011658247730307186,0.0005394698624380276
140,59.48160872459412,0.07529911994934083,0.4965,0.9944380099952932,entropy,1,9,97,"{'min_samples_split': 9, 'min_samples_leaf': 1, 'n_estimators': 97, 'criterion': 'entropy'}",90,0.5062034739454094,0.9946775203506575,0.5115121344119478,0.9946816830908807,0.4950062421972534,0.9948421381681776,0.48148148148148145,0.9942250663336976,0.4880201765447667,0.9937636420330527,0.20121072656014788,0.0011311568072870936,0.011129197132109483,0.0003950135490002755
141,60.15293917655945,0.0763512134552002,0.496625,0.9941560612323102,entropy,1,9,98,"{'min_samples_split': 9, 'min_samples_leaf': 1, 'n_estimators': 98, 'criterion': 'entropy'}",89,0.5062034739454094,0.9942078897933626,0.5164903546981954,0.9931174722352573,0.4993757802746567,0.994685839324789,0.47645951035781536,0.9950054627750897,0.4842370744010088,0.9937636420330527,0.15541607933189325,0.0010503462829757166,0.014514517991645121,0.0006689535022156428
142,60.856682777404785,0.07729043960571289,0.5,0.9938442343477488,entropy,1,9,99,"{'min_samples_split': 9, 'min_samples_leaf': 1, 'n_estimators': 99, 'criterion': 'entropy'}",67,0.49627791563275436,0.9940513462742643,0.5140012445550716,0.9940559987486313,0.5,0.9943732416380119,0.4908976773383553,0.9934446698923053,0.4987389659520807,0.9932959151855316,0.043522027251414235,0.0007283371373756007,0.007680057416633275,0.00040691372118570183
143,61.50861015319824,0.07774806022644043,0.494125,0.9940623398988618,entropy,1,9,100,"{'min_samples_split': 9, 'min_samples_leaf': 1, 'n_estimators': 100, 'criterion': 'entropy'}",95,0.49255583126550867,0.993425172197871,0.5115121344119478,0.9940559987486313,0.4950062421972534,0.9943732416380119,0.482736974262398,0.9950054627750897,0.48865069356872637,0.9934518241347053,0.10463957007203409,0.0005338387594349086,0.009651102899435148,0.0005941200280628001
144,48.17147269248962,0.06892523765563965,0.4595,0.8407482248470999,entropy,10,2,95,"{'min_samples_split': 2, 'min_samples_leaf': 10, 'n_estimators': 95, 'criterion': 'entropy'}",189,0.46029776674937967,0.8379774577332498,0.48102053515868076,0.8390427029563585,0.4519350811485643,0.8443263519849953,0.4494664155681105,0.839862650226315,0.4546027742749054,0.8425319613345806,0.1672646838927007,0.0014165645894462875,0.011376341438674399,0.0023390129285526793
145,48.5736750125885,0.06962590217590332,0.46475,0.8412196016054923,entropy,10,2,96,"{'min_samples_split': 2, 'min_samples_leaf': 10, 'n_estimators': 96, 'criterion': 'entropy'}",153,0.4683622828784119,0.8398559799624296,0.48164281269446174,0.8451431252932895,0.4675405742821473,0.8390121913097844,0.4494664155681105,0.8434524738567192,0.45649432534678436,0.8386342376052386,0.11919989395209545,0.0005627372949381915,0.011024381127084273,0.0025998456812602864
146,49.09093089103699,0.07030143737792968,0.461875,0.8408775903755175,entropy,10,2,97,"{'min_samples_split': 2, 'min_samples_leaf': 10, 'n_estimators': 97, 'criterion': 'entropy'}",171,0.4621588089330025,0.8454915466499687,0.48537647790914745,0.8438917566087909,0.4637952559300874,0.8368240075023445,0.4425612052730697,0.8358045887310754,0.4552332912988651,0.8423760523854069,0.056350635848177004,0.0006209261276129033,0.013954397226195027,0.0038674554625393763
147,49.59119076728821,0.07043185234069824,0.4635,0.8396574241554473,entropy,10,2,98,"{'min_samples_split': 2, 'min_samples_leaf': 10, 'n_estimators': 98, 'criterion': 'entropy'}",161,0.4627791563275434,0.843143393863494,0.4866210329807094,0.8381041764429844,0.4631710362047441,0.8386995936230072,0.4519774011299435,0.8389261744966443,0.4527112232030265,0.839413782351107,0.11752079203045697,0.0007345915858258237,0.01253093346739669,0.0017931028962603784
148,50.09740662574768,0.07163372039794921,0.4625,0.8397504219705925,entropy,10,2,99,"{'min_samples_split': 2, 'min_samples_leaf': 10, 'n_estimators': 99, 'criterion': 'entropy'}",168,0.46029776674937967,0.8406386975579211,0.4791537025513379,0.8396683872986078,0.4612983770287142,0.8405751797436699,0.45511613308223475,0.836741064460746,0.45649432534678436,0.8411287807920175,0.15251013915019135,0.0016249240198489797,0.00865940639190773,0.0015768382449301874
149,50.50961971282959,0.07171444892883301,0.465375,0.8409685631193495,entropy,10,2,100,"{'min_samples_split': 2, 'min_samples_leaf': 10, 'n_estimators': 100, 'criterion': 'entropy'}",150,0.47084367245657566,0.8403256105197244,0.4915992532669571,0.8427968090098545,0.4631710362047441,0.8386995936230072,0.44130571249215317,0.8422038395504915,0.45964691046658257,0.8408169628936701,0.08931442351747437,0.000765352002031249,0.016340344823012137,0.0014458896324827928
150,48.03543176651001,0.0694669246673584,0.462875,0.8414714757594112,entropy,10,3,95,"{'min_samples_split': 3, 'min_samples_leaf': 10, 'n_estimators': 95, 'criterion': 'entropy'}",167,0.45843672456575685,0.8451784596117721,0.48413192283758555,0.8427968090098545,0.47877652933832704,0.8408877774304471,0.44569993722536094,0.8375214609021382,0.44703656998738966,0.8409728718428437,0.10077409264647154,0.0008047782970336462,0.01593240399036772,0.002517545013854742
151,48.69869089126587,0.06976504325866699,0.459375,0.8401900384473933,entropy,10,3,96,"{'min_samples_split': 3, 'min_samples_leaf': 10, 'n_estimators': 96, 'criterion': 'entropy'}",190,0.4609181141439206,0.841577958672511,0.48164281269446174,0.8429532300954169,0.46441947565543074,0.8382306970928415,0.4438166980539862,0.8428281567036054,0.44577553593947034,0.8353601496725913,0.2536819252552688,0.0008407573437062718,0.013785727018644214,0.0029559452866848874
152,49.119100427627565,0.0705446720123291,0.464375,0.8421576913253304,entropy,10,3,97,"{'min_samples_split': 3, 'min_samples_leaf': 10, 'n_estimators': 97, 'criterion': 'entropy'}",154,0.4652605459057072,0.8371947401377583,0.48724331051649034,0.8503050211168466,0.47253433208489387,0.841981869334167,0.450721908349027,0.8431403152801623,0.44577553593947034,0.8381665107577175,0.1819966300013725,0.0009631236716560408,0.014974645470611083,0.004646199581473599
153,49.62115054130554,0.07078227996826172,0.460625,0.8420322160747584,entropy,10,3,98,"{'min_samples_split': 3, 'min_samples_leaf': 10, 'n_estimators': 98, 'criterion': 'entropy'}",183,0.4633995037220844,0.843143393863494,0.4915992532669571,0.849053652432348,0.4525593008739076,0.8330728352610192,0.4450721908349027,0.8417356016856563,0.4501891551071879,0.8431555971312752,0.10509550761047978,0.0010375302109641488,0.016644997534373117,0.00514112350097568
154,50.211129903793335,0.07128973007202148,0.460625,0.8424387210595983,entropy,10,3,99,"{'min_samples_split': 3, 'min_samples_leaf': 10, 'n_estimators': 99, 'criterion': 'entropy'}",183,0.46712158808933,0.8447088290544772,0.4909769757311761,0.8451431252932895,0.4550561797752809,0.8397936855267271,0.4425612052730697,0.8375214609021382,0.44703656998738966,0.8450265045213595,0.1727118609874774,0.0009992271457274944,0.017359426754348137,0.0031729946813343663
155,50.62478652000427,0.07207598686218261,0.4615,0.8440657448235488,entropy,10,3,100,"{'min_samples_split': 3, 'min_samples_leaf': 10, 'n_estimators': 100, 'criterion': 'entropy'}",176,0.4633995037220844,0.8437695679398872,0.48413192283758555,0.8515563898013452,0.4594257178526841,0.8412003751172241,0.4463276836158192,0.844076791009833,0.45397225725094575,0.8397256002494543,0.19575628759438832,0.00030528366893821347,0.012710241240543672,0.004080313797393483
156,48.14020323753357,0.06893763542175294,0.463375,0.8408125794207824,entropy,10,4,95,"{'min_samples_split': 4, 'min_samples_leaf': 10, 'n_estimators': 95, 'criterion': 'entropy'}",163,0.47084367245657566,0.8411083281152161,0.48599875544492843,0.8438917566087909,0.4594257178526841,0.8382306970928415,0.4450721908349027,0.836741064460746,0.4552332912988651,0.8440910508263174,0.1981139348783715,0.0009942181058122477,0.014036552088797385,0.0029516275045288302
157,48.61749272346496,0.06915268898010254,0.46325,0.8378458547368256,entropy,10,4,96,"{'min_samples_split': 4, 'min_samples_leaf': 10, 'n_estimators': 96, 'criterion': 'entropy'}",164,0.4652605459057072,0.8378209142141515,0.48537647790914745,0.84248396683873,0.4656679151061174,0.8363551109721789,0.44883866917765225,0.8370532230373029,0.4508196721311476,0.8355160586217649,0.08822296464091332,0.0008033918885511071,0.013126980342841642,0.00244095218388956
158,49.09324841499328,0.07049117088317872,0.467125,0.840533569965854,entropy,10,4,97,"{'min_samples_split': 4, 'min_samples_leaf': 10, 'n_estimators': 97, 'criterion': 'entropy'}",139,0.4739454094292804,0.8440826549780839,0.48599875544492843,0.8420147035820429,0.4712858926342072,0.8404188809002814,0.44193345888261143,0.8337755579834556,0.4621689785624212,0.8423760523854069,0.14075856895850397,0.0011570582466736768,0.014684435147882651,0.0035740280417311627
159,49.671458101272584,0.07121763229370118,0.46375,0.8418144434314305,entropy,10,4,98,"{'min_samples_split': 4, 'min_samples_leaf': 10, 'n_estimators': 98, 'criterion': 'entropy'}",160,0.46153846153846156,0.8445522855353789,0.4891101431238332,0.8429532300954169,0.4606741573033708,0.8386995936230072,0.45260514752040176,0.8442328702981114,0.4546027742749054,0.8386342376052386,0.09847753196974678,0.0004341490276426293,0.013167799665530775,0.002625162904952368
160,50.14087619781494,0.07145829200744629,0.46625,0.8410316520603406,entropy,10,4,99,"{'min_samples_split': 4, 'min_samples_leaf': 10, 'n_estimators': 99, 'criterion': 'entropy'}",143,0.4621588089330025,0.8387601753287414,0.4866210329807094,0.8435789144376662,0.46441947565543074,0.8427633635511098,0.45134965473948524,0.8397065709380365,0.4665825977301387,0.8403492360461491,0.1970310080531366,0.0004509205083995466,0.011473199268483208,0.001836763917628454
161,50.68156485557556,0.07140603065490722,0.465375,0.8403451737939831,entropy,10,4,100,"{'min_samples_split': 4, 'min_samples_leaf': 10, 'n_estimators': 100, 'criterion': 'entropy'}",150,0.4646401985111663,0.8412648716343143,0.4903546981953951,0.8426403879242922,0.46878901373283394,0.8402625820568927,0.44883866917765225,0.836741064460746,0.45397225725094575,0.8408169628936701,0.14550333360739248,0.0010395681685759742,0.014422676844536783,0.0019663602140516383
162,48.113653087615965,0.06894969940185547,0.461125,0.8402791367701321,entropy,10,5,95,"{'min_samples_split': 5, 'min_samples_leaf': 10, 'n_estimators': 95, 'criterion': 'entropy'}",179,0.45905707196029777,0.8359423919849718,0.48475420037336653,0.8418582824964805,0.4656679151061174,0.8407314785870583,0.4450721908349027,0.840955205244264,0.4508196721311476,0.8419083255378857,0.18964185752154522,0.0008442180297214464,0.01376655315589617,0.0022188733311610935
163,48.567390823364256,0.06982464790344238,0.46125,0.8404675878608334,entropy,10,5,96,"{'min_samples_split': 5, 'min_samples_leaf': 10, 'n_estimators': 96, 'criterion': 'entropy'}",177,0.4609181141439206,0.8414214151534126,0.48413192283758555,0.8384170186141092,0.46504369538077406,0.83948108783995,0.4463276836158192,0.8400187295145934,0.44955863808322827,0.8429996881821017,0.08658678547814452,0.0014424132069973342,0.013398413336289215,0.0015937884980661112
164,49.05660314559937,0.0700674057006836,0.463875,0.839346737004201,entropy,10,5,97,"{'min_samples_split': 5, 'min_samples_leaf': 10, 'n_estimators': 97, 'criterion': 'entropy'}",159,0.46712158808933,0.837507827175955,0.49595519601742377,0.8426403879242922,0.45630461922596754,0.8441700531416068,0.4538606403013183,0.8389261744966443,0.44577553593947034,0.833489242282507,0.13159287441507495,0.0005524531064991664,0.017471210456037327,0.003794238304024456
165,49.54802832603455,0.07015609741210938,0.464,0.8387511824718275,entropy,10,5,98,"{'min_samples_split': 5, 'min_samples_leaf': 10, 'n_estimators': 98, 'criterion': 'entropy'}",157,0.47208436724565755,0.8412648716343143,0.4909769757311761,0.840137650555295,0.46629213483146065,0.8358862144420132,0.4375392341494037,0.8372093023255814,0.4527112232030265,0.8392578734019333,0.20012558116363927,0.0007012908622308311,0.018030413565874693,0.00195361709902299
166,50.07020564079285,0.07100558280944824,0.464125,0.8413779539365421,entropy,10,5,99,"{'min_samples_split': 5, 'min_samples_leaf': 10, 'n_estimators': 99, 'criterion': 'entropy'}",156,0.4683622828784119,0.8434564809016907,0.48786558805227137,0.8449867042077271,0.46254681647940077,0.8412003751172241,0.44569993722536094,0.836741064460746,0.4558638083228247,0.8405051449953227,0.08544751756466915,0.0012211178842396523,0.014087669541243372,0.002815579036728294
167,50.610940313339235,0.07101492881774903,0.468125,0.8403439697602655,entropy,10,5,100,"{'min_samples_split': 5, 'min_samples_leaf': 10, 'n_estimators': 100, 'criterion': 'entropy'}",132,0.4646401985111663,0.839073262366938,0.48786558805227137,0.8429532300954169,0.4737827715355805,0.8374492028758987,0.45260514752040176,0.8448571874512253,0.46153846153846156,0.837386966011849,0.06516760787705993,0.000825270479813715,0.01198745970646704,0.0030303668815844505
168,48.08690643310547,0.06899027824401856,0.4635,0.8408433380953229,entropy,10,6,95,"{'min_samples_split': 6, 'min_samples_leaf': 10, 'n_estimators': 95, 'criterion': 'entropy'}",161,0.47146401985111663,0.8400125234815279,0.48599875544492843,0.8415454403253558,0.46691635455680397,0.8402625820568927,0.44569993722536094,0.841267363820821,0.44703656998738966,0.8411287807920175,0.16421093373170012,0.0006755260216622371,0.015284795749750304,0.0005969511519489899
169,48.60449538230896,0.06982359886169434,0.46125,0.8409721610962123,entropy,10,6,96,"{'min_samples_split': 6, 'min_samples_leaf': 10, 'n_estimators': 96, 'criterion': 'entropy'}",177,0.45161290322580644,0.8429868503443958,0.4903546981953951,0.8468637572344752,0.46254681647940077,0.8371366051891216,0.4494664155681105,0.8401748088028719,0.4520807061790668,0.8376987839101964,0.12636661852901776,0.0004745025129668129,0.015281551846722127,0.003600892551054066
170,49.040224409103395,0.07067160606384278,0.463125,0.841034688316833,entropy,10,6,97,"{'min_samples_split': 6, 'min_samples_leaf': 10, 'n_estimators': 97, 'criterion': 'entropy'}",165,0.45471464019851116,0.8448653725735754,0.4915992532669571,0.8449867042077271,0.4681647940074906,0.8388558924663958,0.44569993722536094,0.8356485094427969,0.4552332912988651,0.8408169628936701,0.1780066642634206,0.003124832655042542,0.01596912489700673,0.003580448297563328
171,49.43918986320496,0.07012338638305664,0.454875,0.840530902994608,entropy,10,6,98,"{'min_samples_split': 6, 'min_samples_leaf': 10, 'n_estimators': 98, 'criterion': 'entropy'}",192,0.45657568238213403,0.8395428929242329,0.4729309271935283,0.8429532300954169,0.46192259675405745,0.8402625820568927,0.4375392341494037,0.8359606680193539,0.4451450189155107,0.8439351418771437,0.10805360885383578,0.0005283963214982336,0.012434996254621154,0.0028068387451542776
172,50.042090797424315,0.07087225914001465,0.461,0.8411265788986618,entropy,10,6,99,"{'min_samples_split': 6, 'min_samples_leaf': 10, 'n_estimators': 99, 'criterion': 'entropy'}",181,0.45533498759305213,0.8417345021916093,0.4723086496577474,0.8423275457531675,0.46192259675405745,0.8410440762738356,0.45448838669177655,0.842672077415327,0.46090794451450184,0.8378546928593701,0.11969832675509227,0.0007841297812968203,0.0063852073819108705,0.001726991761298182
173,50.58686327934265,0.0722437858581543,0.460375,0.842282401854534,entropy,10,6,100,"{'min_samples_split': 6, 'min_samples_leaf': 10, 'n_estimators': 100, 'criterion': 'entropy'}",187,0.4633995037220844,0.8407952410770195,0.48786558805227137,0.8462380728922259,0.45380774032459426,0.841981869334167,0.4425612052730697,0.8418916809739347,0.45397225725094575,0.8405051449953227,0.05508082175757637,0.000323341782682741,0.015284090860895378,0.0020620671707080574
174,48.10950174331665,0.06884279251098632,0.460875,0.8400933517657865,entropy,10,7,95,"{'min_samples_split': 7, 'min_samples_leaf': 10, 'n_estimators': 95, 'criterion': 'entropy'}",182,0.4652605459057072,0.8406386975579211,0.47853142501555695,0.8395119662130454,0.46441947565543074,0.8383869959362302,0.4450721908349027,0.8418916809739347,0.4508196721311476,0.8400374181478016,0.11212236719706736,0.0006381552609230727,0.011780752467481854,0.0011648328568078475
175,48.75801315307617,0.07022767066955567,0.461125,0.8413142369898177,entropy,10,7,96,"{'min_samples_split': 7, 'min_samples_leaf': 10, 'n_estimators': 96, 'criterion': 'entropy'}",179,0.45905707196029777,0.8461177207263619,0.48039825762289984,0.8415454403253558,0.4631710362047441,0.8385432947796186,0.450721908349027,0.8370532230373029,0.4520807061790668,0.843311506080449,0.13347601137490533,0.0014577535404427203,0.010680990850638622,0.003254238941620263
176,49.1809919834137,0.06996011734008789,0.46175,0.8401585059686612,entropy,10,7,97,"{'min_samples_split': 7, 'min_samples_leaf': 10, 'n_estimators': 97, 'criterion': 'entropy'}",172,0.4658808933002481,0.8406386975579211,0.48786558805227137,0.8432660722665415,0.4656679151061174,0.8404188809002814,0.44193345888261143,0.8387700952083659,0.44703656998738966,0.8376987839101964,0.18596173747347103,0.0011229636663438723,0.016267374346557603,0.0018938460553770409
177,49.48973426818848,0.07117457389831543,0.463,0.8422503922320077,entropy,10,7,98,"{'min_samples_split': 7, 'min_samples_leaf': 10, 'n_estimators': 98, 'criterion': 'entropy'}",166,0.4652605459057072,0.8412648716343143,0.48475420037336653,0.8476458626622869,0.4606741573033708,0.8368240075023445,0.44695543000627747,0.8439207117215546,0.457124842370744,0.8415965076395385,0.06355479145284854,0.0003977374283187784,0.012461122006462337,0.0035424718913280233
178,50.13252120018005,0.07003507614135743,0.464,0.8420613646598557,entropy,10,7,99,"{'min_samples_split': 7, 'min_samples_leaf': 10, 'n_estimators': 99, 'criterion': 'entropy'}",157,0.4640198511166253,0.8401690670006262,0.4897324206596142,0.8445174409510402,0.46878901373283394,0.8402625820568927,0.4387947269303202,0.8406430466677072,0.4583858764186633,0.8447146866230122,0.20358315099344026,0.00030961189801336734,0.016442548800187598,0.0020928670955885856
179,50.603081130981444,0.07210049629211426,0.4665,0.8425329257044497,entropy,10,7,100,"{'min_samples_split': 7, 'min_samples_leaf': 10, 'n_estimators': 100, 'criterion': 'entropy'}",142,0.47580645161290325,0.8454915466499687,0.48537647790914745,0.8465509150633506,0.46691635455680397,0.8374492028758987,0.448210922787194,0.8387700952083659,0.4558638083228247,0.8444028687246647,0.0721407050694647,0.00039969446880321107,0.013345255019013139,0.003698580658202387
180,48.0870756149292,0.06991643905639648,0.456875,0.840942230163545,entropy,10,8,95,"{'min_samples_split': 8, 'min_samples_leaf': 10, 'n_estimators': 95, 'criterion': 'entropy'}",191,0.4621588089330025,0.847683155917345,0.477286869943995,0.8399812294697325,0.46254681647940077,0.8421381681775555,0.4381669805398619,0.8376775401904167,0.44388398486759145,0.8372310570626754,0.08329593836408246,0.0009631168017204883,0.014103570811034647,0.00380065458810373
181,48.599729776382446,0.06950573921203614,0.4605,0.8385038412764635,entropy,10,8,96,"{'min_samples_split': 8, 'min_samples_leaf': 10, 'n_estimators': 96, 'criterion': 'entropy'}",186,0.4696029776674938,0.8403256105197244,0.48102053515868076,0.840137650555295,0.4600499375780275,0.8404188809002814,0.4406779661016949,0.8400187295145934,0.4508196721311476,0.831618334892423,0.10822894512549125,0.0005642992832346191,0.014076263460696892,0.0034455953690114885
182,49.38127508163452,0.0698540210723877,0.46625,0.8410939628920812,entropy,10,8,97,"{'min_samples_split': 8, 'min_samples_leaf': 10, 'n_estimators': 97, 'criterion': 'entropy'}",143,0.46898263027295284,0.8359423919849718,0.4791537025513379,0.8509307054590959,0.4681647940074906,0.8385432947796186,0.46076585059635905,0.8375214609021382,0.45397225725094575,0.8425319613345806,0.47603551437511377,0.0006064913728135895,0.008459273867397189,0.005378414356469863
183,49.62962999343872,0.07084193229675292,0.46575,0.8403149406920323,entropy,10,8,98,"{'min_samples_split': 8, 'min_samples_leaf': 10, 'n_estimators': 98, 'criterion': 'entropy'}",148,0.46774193548387094,0.8396994364433312,0.4835096453018046,0.8434224933521038,0.46878901373283394,0.8435448577680525,0.450721908349027,0.8370532230373029,0.45775535939470363,0.8378546928593701,0.12313322097324099,0.001032486378305253,0.011119713254258335,0.0027261590118900464
184,50.12368898391723,0.07126502990722657,0.46175,0.8404356898146125,entropy,10,8,99,"{'min_samples_split': 8, 'min_samples_leaf': 10, 'n_estimators': 99, 'criterion': 'entropy'}",172,0.45843672456575685,0.8335942391984972,0.48537647790914745,0.8484279680900986,0.46192259675405745,0.8377618005626759,0.45260514752040176,0.8397065709380365,0.4501891551071879,0.8426878702837542,0.22520282119891977,0.001515327888126899,0.012549810406803193,0.004968612955321363
185,50.56478796005249,0.07123808860778809,0.46175,0.8409059118372886,entropy,10,8,100,"{'min_samples_split': 8, 'min_samples_leaf': 10, 'n_estimators': 100, 'criterion': 'entropy'}",172,0.46029776674937967,0.8384470882905447,0.477286869943995,0.8468637572344752,0.46941323345817726,0.8360425132854017,0.45134965473948524,0.8417356016856563,0.4501891551071879,0.8414405986903648,0.08567813911061872,0.0006250620283896611,0.01042642220428013,0.0036378195601385155
186,48.20610318183899,0.06822042465209961,0.4625,0.8408736126080599,entropy,10,9,95,"{'min_samples_split': 9, 'min_samples_leaf': 10, 'n_estimators': 95, 'criterion': 'entropy'}",168,0.4658808933002481,0.8414214151534126,0.48475420037336653,0.8393555451274832,0.4656679151061174,0.8369803063457332,0.4375392341494037,0.8459497424691743,0.4583858764186633,0.8406610539444963,0.22889847914100572,0.0008934853284526128,0.015205738994722407,0.0029521085924777645
187,48.750664472579956,0.06950855255126953,0.464375,0.8390643382165199,entropy,10,9,96,"{'min_samples_split': 9, 'min_samples_leaf': 10, 'n_estimators': 96, 'criterion': 'entropy'}",154,0.46153846153846156,0.8373512836568566,0.48537647790914745,0.8438917566087909,0.4712858926342072,0.8408877774304471,0.4494664155681105,0.8351802715779616,0.45397225725094575,0.8380106018085438,0.2648034169184389,0.0003998783531342621,0.012864538759828058,0.0030252202860473728
188,49.23023819923401,0.06986460685729981,0.46025,0.8402841699310424,entropy,10,9,97,"{'min_samples_split': 9, 'min_samples_leaf': 10, 'n_estimators': 97, 'criterion': 'entropy'}",188,0.45781637717121587,0.8406386975579211,0.48102053515868076,0.8456123885499766,0.4637952559300874,0.8390121913097844,0.44318895166352795,0.8392383330732012,0.4552332912988651,0.836919239164328,0.1057188923328506,0.0009621571757081034,0.012382302786153048,0.0029171927224753143
189,49.65345845222473,0.07059125900268555,0.4625,0.842409449484888,entropy,10,9,98,"{'min_samples_split': 9, 'min_samples_leaf': 10, 'n_estimators': 98, 'criterion': 'entropy'}",168,0.45843672456575685,0.8428303068252975,0.4903546981953951,0.8498357578601595,0.46504369538077406,0.8401062832135042,0.44318895166352795,0.838457936631809,0.4552332912988651,0.8408169628936701,0.10403933235487027,0.0014641687146644303,0.015658986569114318,0.003969438731873854
190,50.285419178009036,0.07085738182067872,0.461625,0.8405654855883471,entropy,10,9,99,"{'min_samples_split': 9, 'min_samples_leaf': 10, 'n_estimators': 99, 'criterion': 'entropy'}",175,0.45843672456575685,0.8425172197871008,0.48413192283758555,0.8445174409510402,0.4675405742821473,0.8391684901531729,0.4425612052730697,0.8383018573435305,0.4552332912988651,0.8383224197068911,0.27948861669149205,0.0005640655791818884,0.013830340715067824,0.0025113411236422924
191,50.684356117248534,0.07121977806091309,0.460625,0.8407181941487527,entropy,10,9,100,"{'min_samples_split': 9, 'min_samples_leaf': 10, 'n_estimators': 100, 'criterion': 'entropy'}",183,0.445409429280397,0.8387601753287414,0.4884878655880523,0.8471765994055999,0.4681647940074906,0.835573616755236,0.44695543000627747,0.8378336194786952,0.45397225725094575,0.8442469597754911,0.09947874166868119,0.0011030602010697365,0.01612337821578727,0.00430777136335393
